Hours_Studied,Previous_Scores,Extracurricular_Activities,Sleep_Hours,Sample_Question_Papers_Practiced,Performance_Index
7,76,No,9,2,79.35
4,65,No,9,0,62.84
8,74,Yes,4,3,77.31
5,73,Yes,6,0,66.26
7,74,No,7,1,74.12
3,79,No,8,2,68.44
7,55,Yes,6,7,70.06
8,77,No,8,9,85.75
5,52,Yes,5,3,56.03
4,62,No,5,3,60.05
8,99,No,6,9,95.3
8,93,No,8,8,93.84
3,61,No,5,6,57.5
6,55,No,6,1,56.46
5,67,Yes,8,2,67.93
2,87,Yes,6,3,72.41
8,74,No,9,3,77.89
6,99,No,8,9,93.38
2,84,No,5,7,74.01
5,85,Yes,6,9,85.42
1,47,Yes,5,9,48.71
6,83,Yes,6,5,82.64
9,94,Yes,4,2,91.03
1,94,Yes,5,8,79.39
3,61,Yes,5,9,63.35
7,60,Yes,7,7,75.95
4,65,Yes,9,8,69.42
9,79,No,5,4,79.29
3,60,Yes,8,2,60.83
5,64,Yes,6,3,66.56
3,80,Yes,4,4,66.68
7,40,Yes,8,8,65.02
5,45,No,8,8,58.25
9,62,Yes,8,2,76.15
7,90,No,8,6,91.55
2,62,No,4,5,55.02
4,82,No,7,3,70.71
9,82,Yes,9,4,90.09
2,62,Yes,5,9,60.88
9,71,Yes,8,1,81.05
5,69,No,5,6,66.08
2,52,No,5,3,48.78
4,82,No,8,1,72.89
7,57,No,7,5,68.01
8,62,Yes,5,1,66.17
3,54,Yes,6,9,63.23
1,72,Yes,5,1,51.56
4,60,No,9,6,67.17
2,96,No,8,0,76.47
8,78,Yes,4,6,80.94
4,62,Yes,5,9,69.25
2,66,No,7,4,58.97
6,84,Yes,6,0,77.52
6,83,Yes,6,5,82.48
4,57,No,4,6,62.57
6,63,No,9,0,68.99
2,90,No,4,8,74.4
2,86,Yes,9,6,77.27
4,79,No,5,0,65.19
8,90,Yes,8,2,89.37
7,81,Yes,7,4,85.24
9,46,No,6,3,62.38
8,89,Yes,4,1,81.15
5,87,No,7,0,75.36
2,59,No,9,3,55.2
5,66,Yes,8,6,73.4
8,45,Yes,6,3,60.28
9,66,No,6,8,79.15
9,48,No,9,7,73.3
1,92,No,8,7,76.59
9,84,No,6,4,85.12
7,96,No,8,0,87.51
9,70,No,6,8,82.89
8,60,Yes,5,1,65.29
1,65,Yes,9,5,63.52
8,79,Yes,8,9,94.04
8,87,Yes,7,4,90.85
3,84,No,5,9,74.52
1,52,Yes,7,7,55.48
8,88,Yes,9,2,92.2
3,62,No,6,5,60.21
3,59,Yes,7,5,57.35
1,76,No,5,9,61.49
5,93,No,8,2,84.31
7,92,No,4,6,81.69
9,67,No,7,3,77.0
7,56,No,4,4,60.4
9,67,Yes,9,8,85.21
8,80,Yes,7,5,87.2
2,41,Yes,7,9,52.5
1,64,No,8,3,60.12
7,97,Yes,6,7,93.45
7,89,Yes,5,8,92.28
8,80,Yes,5,9,88.2
5,45,Yes,5,4,52.68
3,50,No,9,1,53.6
8,96,Yes,6,5,95.73
6,77,No,4,7,74.27
3,45,No,5,4,46.53
1,84,Yes,4,0,60.71
3,50,No,6,7,51.85
5,53,No,9,8,67.32
3,41,No,6,0,40.65
1,79,No,8,7,68.74
5,42,No,5,9,54.76
7,94,No,9,1,88.93
7,92,No,8,3,84.84
9,74,Yes,5,1,80.97
3,72,Yes,6,1,63.94
7,63,No,6,9,72.89
1,58,No,7,2,50.66
4,57,Yes,7,7,65.17
4,88,Yes,6,3,79.33
5,91,Yes,6,6,86.18
7,63,Yes,4,9,74.74
7,84,No,4,2,78.6
4,74,No,8,9,77.17
7,40,Yes,7,2,56.68
3,75,Yes,7,1,64.75
6,64,Yes,6,5,73.74
2,84,Yes,6,5,71.92
9,88,No,8,0,86.35
5,99,Yes,9,6,90.93
6,82,Yes,9,3,84.38
4,73,Yes,9,2,72.6
7,64,No,7,7,70.37
9,55,No,4,1,63.41
7,73,No,9,8,81.8
1,68,Yes,5,7,66.18
1,58,Yes,8,7,58.16
9,62,Yes,9,2,77.33
9,58,No,5,3,66.05
4,64,No,9,1,65.46
9,55,Yes,4,1,64.75
3,93,Yes,4,3,73.85
7,90,No,9,5,91.41
6,48,Yes,5,4,55.54
8,40,Yes,8,0,60.25
9,81,Yes,5,9,94.16
5,58,No,8,0,60.43
1,72,Yes,9,5,68.48
3,73,Yes,8,2,70.04
8,55,Yes,6,2,70.42
6,83,Yes,7,6,86.72
8,79,No,7,0,78.78
9,94,No,4,0,86.71
4,57,No,6,9,60.43
1,73,Yes,7,2,63.35
1,64,No,9,7,59.39
4,84,Yes,8,0,74.67
7,45,No,8,9,59.33
2,60,Yes,5,3,55.3
3,97,No,5,8,79.91
1,45,No,8,3,46.72
5,71,No,9,9,78.38
1,80,Yes,8,7,74.75
8,87,Yes,5,6,86.53
1,82,Yes,7,2,69.28
1,78,No,4,6,65.51
2,70,Yes,5,6,65.03
2,81,Yes,9,9,80.68
6,49,Yes,7,2,60.24
7,69,Yes,7,1,72.35
5,96,Yes,7,8,93.12
1,91,Yes,6,0,66.09
1,57,No,6,6,50.86
3,99,No,7,3,76.86
2,63,Yes,9,1,58.89
5,91,No,8,1,81.38
6,48,No,9,7,65.31
7,70,Yes,6,6,77.6
4,54,Yes,5,6,59.24
7,43,No,6,4,52.53
8,79,Yes,8,9,90.65
1,48,No,4,7,42.94
6,84,No,6,1,74.08
8,48,No,9,1,64.5
5,65,Yes,9,4,70.28
4,43,No,7,0,45.09
2,56,Yes,7,5,52.93
6,55,Yes,7,3,63.91
6,54,Yes,4,5,59.22
1,74,Yes,8,6,68.06
9,96,Yes,5,2,90.7
6,91,No,9,7,90.31
3,44,Yes,9,6,56.11
4,94,Yes,8,0,84.74
4,44,Yes,4,5,51.39
3,59,Yes,7,6,58.72
3,54,Yes,8,3,55.37
3,57,No,5,1,50.31
4,86,Yes,7,9,82.24
7,41,Yes,5,8,54.66
4,68,No,6,6,68.5
9,52,Yes,5,0,65.64
1,43,No,7,7,46.84
8,81,No,6,2,78.39
7,84,No,7,3,82.26
2,49,No,9,4,50.49
8,70,Yes,7,0,75.91
1,80,Yes,6,5,65.66
9,47,No,5,9,70.23
9,42,No,9,5,63.06
2,87,Yes,4,1,69.66
7,85,No,4,9,83.58
3,48,No,4,5,46.32
7,69,No,4,7,72.23
9,92,Yes,8,5,99.17
4,50,No,4,3,51.73
1,74,Yes,6,3,62.53
2,76,Yes,4,8,65.82
1,81,Yes,7,5,69.71
5,52,No,4,7,60.33
5,75,No,5,7,74.7
7,95,Yes,6,6,94.32
9,52,Yes,6,2,69.29
9,51,Yes,9,9,80.0
3,76,No,8,0,67.42
3,49,No,7,4,50.49
3,99,Yes,6,9,85.19
4,95,Yes,5,9,86.64
8,48,No,4,1,54.16
6,91,Yes,6,9,88.49
8,46,No,5,1,54.66
1,41,No,4,6,44.07
8,93,Yes,8,2,93.07
4,95,Yes,6,7,86.72
1,99,No,6,8,76.46
8,62,No,5,7,68.01
4,78,No,9,5,73.66
6,79,No,7,4,79.78
8,78,No,8,2,81.47
4,60,Yes,7,2,62.7
3,62,No,6,6,61.18
9,68,No,7,4,76.62
3,53,No,4,5,53.08
9,65,Yes,8,5,80.23
2,90,Yes,7,8,83.31
2,44,No,4,0,38.28
2,94,No,5,7,72.32
6,70,Yes,7,9,78.0
3,64,Yes,8,4,61.33
9,70,Yes,4,5,80.83
4,89,Yes,7,5,81.85
1,59,No,5,0,40.94
4,83,Yes,7,2,76.05
1,94,No,4,5,68.83
5,56,No,7,8,61.63
4,84,Yes,8,5,83.76
8,41,Yes,6,5,61.81
8,64,Yes,4,0,66.81
7,52,Yes,4,8,64.9
3,97,No,4,3,71.67
1,78,No,4,1,53.69
1,67,No,7,0,55.77
3,81,Yes,8,2,72.15
6,94,No,5,2,80.94
7,45,Yes,8,4,59.41
6,42,No,4,0,43.56
6,97,Yes,9,6,96.92
6,74,No,7,0,70.66
3,57,No,9,3,61.71
6,50,Yes,7,5,66.19
8,93,No,4,0,81.34
2,59,No,7,6,57.85
5,44,Yes,4,9,56.27
1,58,Yes,8,6,62.41
1,61,Yes,6,2,55.4
5,98,Yes,7,3,88.14
3,99,Yes,4,5,81.3
4,58,No,9,6,67.19
3,86,Yes,4,3,72.26
1,55,No,9,9,61.12
1,63,No,7,8,54.41
5,80,Yes,5,8,79.92
6,43,No,9,8,61.27
3,54,No,4,9,58.41
9,64,Yes,7,5,82.49
5,83,No,4,1,69.37
8,94,Yes,5,1,90.97
1,74,Yes,6,3,65.47
5,94,Yes,5,8,87.55
3,53,No,8,2,58.24
1,88,No,7,5,70.74
4,58,No,5,1,52.87
5,77,No,6,0,69.43
7,75,Yes,4,4,74.79
1,46,No,7,7,47.77
3,69,Yes,9,9,77.22
2,58,No,5,9,56.34
9,88,No,6,1,81.91
6,64,No,5,9,70.63
3,55,No,8,8,59.11
8,86,No,7,7,90.83
8,93,Yes,4,2,88.19
2,79,No,6,0,64.34
6,90,No,5,3,81.32
7,47,No,7,7,65.38
2,57,No,5,2,47.36
2,67,Yes,7,9,69.31
1,55,No,8,1,52.44
8,91,Yes,5,6,89.72
1,58,No,8,3,55.9
9,81,Yes,9,5,91.5
6,56,Yes,9,4,67.4
7,84,Yes,6,1,81.49
7,52,Yes,8,9,74.13
3,46,Yes,7,1,51.42
2,66,No,6,8,59.68
9,49,Yes,5,9,72.27
8,73,No,5,1,70.93
7,75,Yes,7,7,80.02
9,64,Yes,4,7,75.04
4,45,No,4,0,41.5
4,63,Yes,5,0,59.34
1,57,Yes,7,3,55.5
8,62,Yes,4,1,64.25
3,45,Yes,8,0,50.2
7,68,No,5,8,71.45
2,64,Yes,9,2,63.16
2,94,Yes,8,0,75.15
7,56,No,7,1,60.5
6,85,No,9,7,88.1
3,63,Yes,8,4,63.13
9,50,Yes,4,6,66.87
6,65,No,4,5,60.56
6,90,Yes,9,0,87.39
1,73,No,6,5,61.94
4,67,Yes,5,6,66.71
6,42,No,9,3,53.64
6,50,No,7,7,64.92
5,77,No,5,7,71.87
1,53,Yes,8,6,54.39
8,90,Yes,7,1,93.12
5,65,Yes,7,5,68.59
5,87,Yes,4,5,80.18
7,60,No,8,6,72.62
4,93,No,4,5,77.58
6,95,No,4,1,79.56
4,78,Yes,6,7,76.55
3,69,Yes,4,3,61.44
7,98,Yes,5,8,94.7
8,47,No,7,7,68.72
4,90,Yes,4,2,72.37
2,59,Yes,9,2,60.94
3,87,No,5,7,75.84
1,71,No,8,1,59.5
8,61,Yes,7,8,80.33
3,98,No,9,3,82.61
7,46,Yes,9,5,62.86
5,48,No,8,2,55.16
5,84,No,9,2,76.42
7,40,No,5,2,49.54
9,68,Yes,8,9,84.82
5,47,Yes,9,1,57.25
1,95,Yes,8,7,80.31
1,93,No,8,8,73.54
2,43,No,4,7,45.2
6,74,No,4,9,78.84
9,98,No,4,2,90.51
8,42,Yes,9,6,67.29
5,93,Yes,7,9,90.69
1,84,Yes,5,1,63.56
7,79,No,9,3,81.58
5,46,No,4,5,51.03
6,66,Yes,8,4,71.92
7,40,No,9,8,66.37
3,66,Yes,8,9,68.13
3,55,No,8,3,56.94
5,77,No,8,4,74.5
6,46,Yes,6,3,61.4
9,83,Yes,7,7,93.48
5,62,No,5,7,63.48
1,80,Yes,5,2,62.5
4,98,Yes,4,0,77.88
5,50,No,6,5,54.21
5,81,No,9,1,74.07
7,92,No,9,1,83.63
4,72,Yes,5,2,63.85
1,89,No,7,7,73.59
5,75,No,8,2,72.1
7,76,No,4,6,71.14
6,80,No,7,9,82.23
5,98,No,5,9,88.93
4,56,Yes,6,8,63.27
2,74,No,4,7,61.13
4,87,No,5,0,68.88
3,44,Yes,9,6,55.32
1,87,No,4,6,65.43
8,71,No,5,7,77.45
5,42,Yes,9,9,67.82
4,91,No,9,4,80.61
8,86,Yes,8,9,94.96
7,74,No,6,8,78.8
2,91,Yes,8,8,81.23
1,53,Yes,5,7,54.0
4,87,No,7,5,72.96
8,70,Yes,8,5,80.94
2,70,Yes,7,0,62.14
3,56,No,9,5,59.01
1,99,No,5,3,70.76
1,63,Yes,6,3,56.18
3,91,No,7,1,75.41
5,62,Yes,5,3,63.62
3,57,Yes,7,4,57.6
1,89,No,8,4,72.81
1,93,No,5,4,69.0
8,53,Yes,8,3,71.29
2,89,No,4,0,67.37
3,54,No,5,9,51.19
2,54,Yes,7,7,58.12
3,45,Yes,4,2,42.03
7,66,Yes,8,1,77.98
1,54,Yes,8,8,56.96
8,89,Yes,7,6,94.39
2,75,Yes,4,8,66.93
3,94,No,9,1,76.79
9,47,Yes,6,8,68.86
7,54,No,7,9,72.57
4,42,No,8,8,57.11
5,86,Yes,5,8,86.49
2,52,No,4,9,51.31
8,80,Yes,9,9,94.08
4,73,No,6,3,65.27
9,63,Yes,5,9,79.23
5,79,Yes,4,2,68.82
9,71,Yes,9,5,86.77
4,71,Yes,7,2,66.52
5,69,No,9,8,76.28
9,91,No,7,2,89.94
8,88,No,4,1,80.38
3,52,No,9,7,62.55
1,40,No,6,5,40.42
3,73,Yes,9,7,76.31
4,54,Yes,4,6,61.5
2,83,Yes,5,2,69.91
1,53,Yes,5,7,54.11
7,96,Yes,9,9,99.99
8,68,No,9,0,74.76
7,73,Yes,7,0,72.16
5,57,Yes,4,9,65.7
1,93,No,7,7,76.35
7,46,No,6,8,62.15
7,68,Yes,5,9,79.85
9,94,Yes,8,5,96.48
3,70,No,8,4,68.77
9,64,Yes,4,1,72.7
1,77,Yes,4,8,65.56
1,53,Yes,8,5,54.0
4,47,No,4,7,52.16
9,66,Yes,5,8,83.64
6,93,Yes,6,8,91.0
3,41,No,6,7,48.39
1,56,No,7,9,55.64
4,76,No,5,7,73.66
9,53,Yes,4,2,64.56
3,64,No,4,2,53.84
9,95,Yes,7,1,96.93
7,69,No,7,0,69.69
4,68,Yes,4,3,65.07
3,59,No,4,1,48.08
5,60,Yes,5,1,59.59
5,92,Yes,7,4,88.17
3,61,No,5,3,53.25
9,74,No,9,0,80.1
4,76,Yes,4,8,73.11
5,55,No,8,3,58.52
4,89,Yes,8,4,81.57
5,97,No,9,6,90.43
7,88,No,4,1,77.39
9,82,Yes,7,7,94.76
7,56,No,8,1,67.18
5,55,No,7,9,63.29
7,97,Yes,8,4,94.92
5,94,Yes,7,1,84.75
3,41,No,8,1,48.13
7,43,Yes,7,3,61.24
2,60,No,9,3,58.08
9,78,No,5,7,85.13
1,73,Yes,7,5,66.15
6,69,Yes,5,9,74.04
7,45,Yes,5,7,62.39
8,56,Yes,4,6,71.52
9,78,Yes,9,9,94.39
2,64,Yes,5,3,57.16
2,44,No,6,1,40.91
5,44,No,5,8,49.77
5,59,Yes,7,1,62.44
6,55,No,5,0,56.1
3,90,No,7,7,77.98
8,80,No,7,9,85.19
1,76,No,6,8,63.34
6,79,Yes,5,0,74.43
4,48,No,5,6,56.25
1,44,No,8,1,44.66
7,81,Yes,8,5,83.41
9,96,Yes,4,4,94.81
4,41,Yes,7,0,46.77
4,48,Yes,6,1,50.64
6,82,No,8,1,76.28
3,75,Yes,5,9,73.41
6,61,No,4,9,68.52
7,61,No,6,5,67.9
3,61,Yes,9,0,60.44
7,73,Yes,5,3,75.73
3,94,Yes,5,9,84.54
2,68,Yes,9,4,68.65
4,77,Yes,7,1,68.13
8,98,Yes,7,1,93.34
9,85,No,8,6,89.36
7,72,No,8,6,78.6
1,57,No,5,5,48.75
3,46,No,5,0,42.51
9,40,Yes,8,2,61.9
1,72,Yes,9,8,67.23
9,40,No,8,9,63.31
8,63,No,5,0,65.04
1,43,No,6,1,37.44
6,43,Yes,5,7,56.95
5,57,Yes,6,6,67.35
6,66,Yes,6,8,72.88
5,82,No,5,9,81.03
6,98,No,4,3,86.05
5,71,Yes,8,3,69.2
5,72,Yes,7,6,75.38
4,67,No,5,0,56.9
3,81,No,6,9,68.28
3,80,Yes,5,8,71.11
4,94,No,8,1,80.95
9,75,Yes,9,0,88.04
2,99,Yes,6,6,84.21
9,45,No,7,5,65.65
1,55,No,7,2,47.96
1,73,No,7,0,60.17
5,62,Yes,9,4,74.5
6,89,No,4,9,82.23
6,81,No,6,3,71.6
3,63,Yes,9,4,61.6
7,95,Yes,6,0,89.14
9,88,No,9,0,88.71
8,52,Yes,9,4,72.07
6,95,Yes,4,5,82.42
8,57,Yes,6,4,68.69
5,93,No,9,1,82.21
8,52,No,4,8,65.62
4,88,Yes,5,4,76.5
8,76,Yes,8,4,82.53
2,82,Yes,9,9,78.13
5,78,No,7,8,80.22
9,81,Yes,4,2,82.59
4,56,Yes,4,4,57.82
6,54,No,9,4,63.1
1,57,Yes,4,1,40.79
9,62,No,5,3,69.15
1,93,No,4,1,63.57
5,90,No,8,4,83.2
4,69,Yes,8,9,81.97
3,97,Yes,7,1,81.59
6,73,No,5,9,80.77
2,97,Yes,8,8,87.34
3,43,No,9,9,54.54
5,42,Yes,6,5,55.4
9,46,No,6,7,69.66
2,95,No,6,8,82.66
8,57,Yes,9,7,76.55
2,81,Yes,4,4,67.11
5,46,Yes,9,4,57.74
7,79,Yes,4,5,80.55
8,45,No,6,0,59.11
1,61,No,7,7,56.68
6,97,Yes,7,1,86.37
1,40,Yes,4,5,41.22
2,43,No,6,8,48.63
1,85,Yes,9,2,72.16
5,88,Yes,7,1,80.16
9,91,Yes,4,9,94.75
6,89,Yes,9,4,90.89
1,82,No,6,8,70.17
1,68,No,5,5,53.83
2,60,Yes,6,7,57.98
9,65,No,6,7,76.99
3,53,Yes,9,6,63.27
1,48,Yes,9,4,52.1
5,98,Yes,8,1,86.01
7,86,No,8,9,90.62
6,51,No,9,9,67.44
1,81,No,9,4,70.36
5,90,No,5,6,80.67
5,95,No,5,6,82.37
6,90,Yes,6,1,82.46
3,45,Yes,7,6,56.63
5,59,No,5,5,59.26
7,63,No,6,6,71.11
5,66,No,4,7,64.96
5,77,Yes,8,3,77.55
5,47,No,7,0,49.89
3,40,Yes,6,7,50.72
1,93,Yes,9,7,84.02
5,88,No,4,2,71.43
9,88,Yes,8,2,89.64
1,63,Yes,4,4,50.72
3,86,No,6,2,67.76
4,46,Yes,5,4,53.29
1,58,No,8,7,53.49
1,61,Yes,4,0,47.5
8,96,No,5,1,87.34
2,94,No,7,1,73.73
8,99,Yes,6,3,93.63
7,74,No,6,8,79.28
2,69,Yes,8,1,62.61
6,68,Yes,4,8,72.35
6,61,No,7,6,67.68
3,50,Yes,9,9,67.47
2,59,No,8,7,61.02
1,68,Yes,9,0,64.76
6,90,Yes,8,4,87.01
5,80,No,4,8,74.33
9,81,Yes,7,3,84.94
1,73,Yes,4,1,54.68
7,40,Yes,6,5,62.3
5,70,Yes,9,1,70.96
5,69,Yes,5,2,70.24
2,87,Yes,6,7,73.71
3,57,Yes,6,2,53.59
7,94,Yes,9,1,90.72
6,97,No,8,5,90.07
2,56,Yes,6,2,54.45
6,77,Yes,7,0,75.6
2,53,No,6,2,46.97
2,62,No,7,5,57.43
2,64,No,4,2,50.76
3,54,Yes,8,8,61.07
2,85,No,7,6,70.72
4,95,No,6,4,82.06
9,61,Yes,8,1,71.44
6,42,Yes,8,8,66.43
1,95,No,7,4,73.31
8,94,No,7,6,91.35
7,58,Yes,5,8,72.28
3,96,Yes,5,3,81.57
1,83,Yes,8,8,77.54
5,73,Yes,9,0,73.8
4,74,Yes,9,5,78.07
8,89,No,5,1,78.47
1,40,Yes,6,7,44.46
1,91,Yes,4,4,68.28
4,60,Yes,8,2,65.45
8,68,Yes,4,1,70.03
5,45,Yes,5,7,58.69
2,76,No,7,6,68.17
6,40,Yes,8,8,60.28
5,90,No,5,7,79.83
2,40,Yes,6,3,46.59
3,66,No,8,1,58.55
9,60,No,8,1,71.75
7,92,Yes,9,1,88.63
7,55,Yes,7,5,68.37
6,83,Yes,8,6,85.71
8,98,Yes,7,5,95.73
4,93,Yes,5,1,75.38
8,79,No,6,3,79.97
4,65,Yes,6,2,61.31
8,55,Yes,8,3,69.38
9,67,No,8,4,76.82
3,40,Yes,5,6,47.84
3,75,No,9,8,75.89
2,49,Yes,9,1,54.91
3,82,No,9,7,75.75
3,56,Yes,7,2,60.9
5,96,No,9,8,89.59
5,98,No,6,9,91.47
2,62,Yes,7,3,57.26
6,46,Yes,5,2,53.36
5,83,Yes,6,9,81.81
6,92,No,6,5,84.1
1,46,No,4,9,46.26
5,83,No,5,8,79.14
9,54,Yes,5,6,69.51
2,73,Yes,4,3,58.82
1,85,No,7,2,64.17
9,84,Yes,9,9,98.18
9,43,No,9,3,64.38
9,53,Yes,9,2,70.9
6,53,Yes,9,2,65.84
8,55,No,9,8,79.03
1,46,Yes,4,3,41.09
4,71,Yes,5,8,70.23
1,58,Yes,7,9,60.92
8,41,Yes,6,4,59.48
1,49,Yes,9,6,55.74
3,89,No,4,4,69.46
4,56,Yes,7,0,60.76
8,76,No,7,1,77.79
6,51,Yes,7,4,61.86
7,45,Yes,4,5,57.32
8,61,No,6,6,70.57
2,71,No,9,1,64.85
8,80,Yes,7,9,87.96
3,59,Yes,4,8,58.56
7,40,No,5,5,52.88
3,93,No,4,1,70.27
7,86,No,4,1,75.56
2,92,No,4,2,65.22
6,97,Yes,7,0,85.9
3,45,Yes,4,8,51.3
3,58,Yes,5,9,60.54
9,57,Yes,7,3,74.57
7,45,Yes,5,4,60.84
5,84,No,8,6,80.74
7,72,No,4,0,67.16
9,62,No,9,2,70.88
1,62,Yes,9,2,57.36
7,65,No,7,1,70.01
6,52,Yes,9,7,68.85
9,46,Yes,7,4,66.13
1,54,Yes,4,0,48.46
4,83,No,6,1,73.44
9,66,Yes,6,0,75.04
4,65,Yes,5,5,66.78
3,72,No,4,8,60.25
9,54,Yes,9,6,75.82
2,75,No,4,4,59.06
4,84,Yes,8,2,76.93
6,94,No,6,7,86.42
2,66,Yes,9,9,65.0
8,96,Yes,6,3,93.37
8,44,No,4,8,61.49
1,41,Yes,9,4,50.8
3,94,No,5,5,74.82
9,97,Yes,4,4,91.96
5,72,No,5,9,66.84
6,55,Yes,9,6,69.91
4,62,Yes,6,6,67.0
2,77,Yes,8,0,64.98
8,94,No,7,1,92.19
6,55,No,6,6,62.49
5,53,No,5,7,59.09
9,68,No,4,3,69.57
1,65,No,9,5,60.57
5,74,Yes,6,9,73.94
6,54,Yes,8,2,65.79
5,42,Yes,9,6,61.65
6,62,Yes,5,2,67.42
6,68,Yes,9,6,76.26
7,73,No,9,7,82.12
4,72,Yes,4,2,65.33
8,80,No,7,1,80.38
7,80,Yes,5,5,79.27
9,62,No,4,3,63.92
7,46,No,7,7,63.29
3,42,No,4,1,39.4
3,97,Yes,7,3,81.07
8,71,Yes,7,1,78.63
5,70,Yes,7,1,68.91
4,57,Yes,4,1,51.56
8,82,No,9,0,78.84
6,46,No,7,3,53.84
2,80,No,9,1,72.29
4,40,No,5,8,50.95
4,53,Yes,8,8,65.18
6,91,No,9,6,88.74
6,71,Yes,8,5,77.11
1,45,No,7,2,44.33
8,78,No,8,6,83.82
6,49,No,8,0,57.55
3,46,Yes,7,8,55.9
9,65,Yes,9,3,84.88
2,73,No,7,5,65.78
8,69,No,5,5,76.39
3,75,No,6,2,62.33
5,60,Yes,4,3,62.62
6,99,Yes,7,9,96.27
6,56,Yes,7,2,64.32
4,72,No,8,5,73.47
3,49,Yes,5,0,45.31
4,90,No,8,7,83.41
1,86,Yes,9,7,78.48
4,81,No,7,8,78.14
1,90,No,7,5,71.1
1,51,Yes,8,0,52.27
6,95,No,7,2,81.91
5,55,No,9,0,61.92
4,80,No,6,4,73.43
3,71,Yes,4,2,64.9
1,54,No,4,1,38.72
6,66,Yes,4,2,63.86
2,67,Yes,6,8,68.18
8,56,No,7,7,67.35
5,85,Yes,8,2,77.29
7,98,No,5,1,83.82
2,89,Yes,7,4,76.28
8,97,No,6,0,90.38
2,41,Yes,9,3,48.73
4,75,No,6,7,69.78
1,89,No,4,0,62.52
5,46,No,7,4,55.54
9,52,No,4,3,63.58
1,54,Yes,5,5,50.04
9,64,Yes,9,6,79.49
8,62,No,4,8,69.36
6,99,Yes,5,0,87.74
7,61,No,6,9,72.47
3,65,No,4,3,54.85
1,72,Yes,4,5,61.94
5,50,Yes,8,9,64.24
2,49,No,9,6,53.45
5,64,Yes,9,6,73.68
8,76,No,6,7,80.72
9,87,Yes,8,9,98.9
2,82,Yes,5,7,71.32
3,92,Yes,5,7,77.4
3,77,Yes,6,7,73.06
1,80,Yes,9,7,71.34
8,84,No,5,5,83.23
6,63,Yes,6,8,75.55
8,79,Yes,5,2,79.34
9,85,No,7,5,86.66
5,95,No,4,4,79.25
3,72,No,9,7,69.54
5,56,Yes,7,3,63.79
5,63,Yes,6,3,65.0
5,76,No,6,9,79.52
3,96,No,7,9,86.93
4,41,No,4,4,44.29
9,71,No,4,5,77.53
9,96,Yes,8,3,97.31
2,99,Yes,5,1,75.97
8,63,Yes,8,1,73.08
8,48,Yes,4,2,61.33
7,43,Yes,7,1,60.67
8,56,No,5,0,62.7
3,56,Yes,7,7,63.44
6,92,No,8,4,88.05
1,89,No,6,9,75.0
7,87,No,7,0,77.92
1,69,Yes,8,8,70.3
9,79,No,8,7,92.51
1,97,Yes,8,3,78.23
1,50,No,6,7,47.76
7,60,Yes,6,9,75.72
2,60,No,6,6,57.1
5,57,Yes,5,6,62.8
8,94,No,6,0,82.9
8,68,No,6,5,75.41
3,63,No,6,3,58.4
7,49,No,7,9,67.85
3,84,Yes,6,9,79.6
6,56,Yes,5,9,67.56
6,57,Yes,8,1,67.19
3,81,No,7,9,75.73
7,87,No,4,6,80.77
3,59,No,6,8,59.54
8,76,No,8,4,78.11
4,84,No,8,7,79.04
1,57,No,7,4,52.58
4,56,Yes,4,6,59.28
7,48,Yes,9,6,71.84
4,53,Yes,5,8,59.77
6,88,Yes,9,2,87.27
9,68,Yes,8,0,79.89
1,70,Yes,9,1,66.69
5,43,Yes,8,5,58.59
7,57,Yes,9,9,75.11
1,98,No,8,9,84.0
4,59,No,8,8,69.13
6,95,No,7,2,83.85
2,95,No,4,9,78.68
5,86,No,8,1,79.56
1,82,No,5,0,61.23
6,83,No,5,1,73.55
6,48,Yes,6,2,56.4
4,52,Yes,8,6,62.04
8,54,No,8,1,66.32
4,66,Yes,8,4,70.42
8,54,Yes,9,1,70.57
8,67,Yes,8,6,80.44
5,76,Yes,8,9,83.21
4,94,Yes,5,7,85.62
2,58,No,4,7,53.56
3,65,Yes,4,7,60.83
3,91,No,6,9,79.74
4,65,No,5,8,66.4
4,64,No,8,0,57.63
5,65,Yes,4,0,56.31
4,65,No,7,9,71.52
8,85,No,7,1,83.52
6,67,No,7,5,71.91
6,88,No,8,0,77.65
8,57,Yes,8,4,74.68
7,71,No,6,4,73.65
8,92,No,6,3,84.03
2,42,No,6,4,46.05
9,41,No,9,0,60.92
1,72,Yes,7,5,63.41
8,81,No,8,6,85.84
4,58,No,7,7,58.27
4,56,No,6,1,54.79
5,83,No,8,6,80.82
8,72,No,5,5,75.31
5,51,No,4,8,59.66
8,88,Yes,4,7,86.03
1,95,No,6,3,70.31
9,42,Yes,7,8,67.5
6,82,Yes,5,0,74.14
3,88,No,8,5,77.43
8,94,Yes,7,7,97.76
9,65,No,6,3,72.81
6,74,Yes,7,1,72.15
7,47,No,6,1,59.07
1,91,Yes,9,9,87.42
5,75,Yes,4,0,66.79
5,92,No,4,4,76.19
4,93,Yes,7,5,87.25
6,46,Yes,5,3,53.21
7,85,Yes,8,3,85.83
9,85,Yes,6,4,88.11
1,75,Yes,8,4,64.18
6,55,No,4,8,61.44
7,63,Yes,5,7,71.07
3,93,Yes,5,8,81.83
8,40,No,8,2,58.05
5,88,No,4,2,72.06
9,64,No,8,0,72.16
5,49,Yes,7,9,63.94
9,93,Yes,5,5,95.42
4,55,Yes,5,3,56.2
9,55,Yes,7,7,77.65
5,97,No,4,1,78.87
9,47,No,5,1,60.34
3,68,Yes,9,6,73.58
4,78,Yes,9,4,75.06
9,67,Yes,9,0,78.25
6,45,Yes,6,6,63.53
2,55,No,6,6,52.49
7,59,No,4,9,62.27
2,55,Yes,7,5,56.09
2,46,No,8,3,47.87
1,80,Yes,4,7,61.27
3,53,Yes,8,1,57.97
6,82,No,4,1,69.77
8,65,Yes,6,1,72.66
9,65,No,9,2,76.55
7,53,Yes,7,5,65.22
4,46,No,6,0,44.46
6,72,Yes,7,1,70.83
5,65,No,8,9,74.67
8,96,Yes,4,1,87.3
1,84,Yes,5,0,62.36
1,59,No,5,2,45.53
6,42,Yes,7,9,65.09
2,91,No,9,6,82.03
5,43,No,9,0,54.17
1,65,Yes,7,6,61.98
7,50,Yes,6,4,64.08
1,41,Yes,5,8,43.17
4,53,Yes,6,1,54.31
9,83,No,8,0,82.93
1,69,Yes,5,8,58.75
4,88,Yes,8,7,86.91
6,51,Yes,4,9,62.21
6,65,No,6,5,70.39
8,83,Yes,7,4,89.06
1,72,No,5,7,61.31
7,52,Yes,6,7,68.93
1,53,No,7,4,47.57
7,63,Yes,4,6,74.02
3,73,Yes,5,0,61.89
8,83,No,8,3,85.4
3,65,Yes,4,1,55.2
1,60,Yes,9,9,62.14
8,67,Yes,7,2,76.65
3,87,No,5,0,67.64
2,75,Yes,5,1,59.92
1,79,No,4,0,53.02
3,41,No,5,7,44.06
2,81,No,7,3,69.49
2,48,Yes,4,2,43.57
6,62,No,8,0,63.52
1,54,No,4,1,44.8
2,52,Yes,4,2,44.96
6,62,No,8,2,64.75
3,56,No,9,5,58.06
4,87,Yes,7,9,87.94
1,99,Yes,9,7,89.39
8,41,No,9,5,64.6
7,59,Yes,9,1,71.97
7,59,Yes,6,1,64.74
3,98,Yes,9,6,92.69
3,85,No,6,0,68.04
2,42,No,8,0,43.91
1,94,Yes,7,6,78.19
7,51,No,9,8,69.06
7,79,Yes,5,4,82.73
2,41,Yes,8,0,45.68
7,75,Yes,6,4,81.4
8,53,Yes,7,0,65.81
1,55,Yes,4,9,51.8
9,58,No,7,8,74.63
7,73,No,7,3,75.01
3,83,No,9,8,77.55
8,85,No,9,1,83.29
7,45,Yes,6,6,64.9
8,52,Yes,6,1,63.11
6,75,No,9,3,76.78
9,61,No,9,5,78.19
5,57,Yes,5,1,57.02
3,51,Yes,5,1,52.5
3,91,Yes,8,1,75.87
1,98,No,9,2,77.32
8,93,Yes,4,4,89.29
2,69,Yes,5,8,64.79
3,92,No,6,5,74.11
8,90,No,7,8,94.24
8,79,No,8,9,89.89
4,46,Yes,5,4,50.75
4,71,Yes,7,5,72.51
5,87,No,7,9,84.95
6,58,Yes,5,7,64.74
5,45,Yes,4,2,48.79
7,59,Yes,4,1,65.18
2,66,No,8,2,59.22
7,92,No,4,8,85.57
7,82,Yes,8,5,84.98
1,76,Yes,6,9,68.07
7,87,Yes,5,3,82.31
5,46,Yes,7,9,60.91
3,98,No,8,2,76.82
3,44,No,4,1,43.18
4,50,Yes,8,3,59.94
2,54,Yes,9,8,59.35
2,42,No,8,3,45.47
1,97,Yes,4,4,71.9
5,44,No,9,7,58.88
4,62,Yes,9,1,64.01
2,92,No,4,2,67.34
3,76,Yes,9,5,78.61
7,48,Yes,5,6,61.92
7,54,No,7,3,61.78
4,42,No,5,0,41.17
5,68,Yes,5,6,71.89
5,45,Yes,4,8,53.2
6,56,No,4,0,53.07
9,65,No,7,0,74.89
2,60,Yes,8,0,56.49
5,47,Yes,5,9,60.58
3,60,No,9,6,67.26
4,96,No,7,8,86.59
6,50,No,5,2,53.08
8,77,No,8,7,84.64
1,47,No,9,8,49.93
8,81,Yes,5,2,83.61
7,63,Yes,6,2,70.45
1,74,No,7,0,59.65
2,94,Yes,4,1,73.83
3,53,Yes,5,6,54.97
1,94,No,9,2,72.51
9,53,Yes,9,6,76.7
8,49,Yes,7,4,65.15
2,51,Yes,7,9,58.43
9,77,No,9,7,91.46
7,83,No,9,4,84.46
9,94,Yes,9,2,97.7
6,85,Yes,5,8,84.31
6,73,Yes,9,6,82.91
4,80,Yes,4,4,69.66
2,49,Yes,9,6,52.51
7,97,Yes,4,9,94.64
5,56,No,5,8,63.58
6,56,Yes,7,4,66.99
2,42,Yes,4,6,43.92
5,70,No,5,8,67.73
4,90,Yes,9,0,81.49
9,40,Yes,5,3,60.28
6,51,Yes,9,0,61.85
2,78,Yes,5,7,72.94
1,43,No,7,2,38.91
5,81,Yes,4,1,74.65
9,52,No,7,3,67.26
6,73,Yes,6,2,69.13
7,81,Yes,9,4,86.24
5,60,No,4,7,63.42
6,61,Yes,7,9,73.37
5,96,No,4,7,80.15
9,43,No,6,6,62.97
6,57,No,8,7,66.49
8,44,Yes,9,4,67.88
2,58,Yes,9,9,66.85
9,41,Yes,5,9,64.49
5,51,Yes,9,5,63.19
7,56,No,9,7,73.11
1,49,Yes,7,0,43.68
5,73,Yes,9,5,75.64
2,45,No,9,5,48.14
6,47,No,6,4,56.9
1,90,Yes,6,3,72.12
3,50,No,4,0,42.13
5,96,No,4,9,85.11
4,51,No,9,7,64.15
3,48,No,9,5,52.85
5,41,No,5,2,42.7
8,47,Yes,4,2,60.11
4,97,Yes,7,5,86.48
1,50,Yes,9,6,53.58
7,99,Yes,7,7,98.7
8,92,Yes,9,4,97.38
3,75,Yes,7,9,70.58
6,49,Yes,8,5,63.09
2,60,No,7,0,56.14
7,59,Yes,4,5,68.07
8,87,Yes,9,8,98.05
6,47,Yes,4,9,63.55
6,75,No,7,3,73.53
5,68,Yes,6,9,75.89
8,81,Yes,6,0,82.04
1,51,No,6,8,51.18
4,53,Yes,9,3,60.66
4,87,Yes,5,1,74.04
3,93,No,8,0,74.12
3,89,Yes,7,2,76.43
4,60,No,5,6,57.16
1,61,Yes,6,9,58.52
2,60,Yes,7,1,54.94
9,83,Yes,5,8,88.91
2,89,No,4,1,64.39
5,69,No,6,4,66.57
9,78,No,5,7,84.6
9,59,Yes,9,9,85.3
8,63,Yes,4,7,72.87
1,62,No,6,2,53.37
1,46,No,8,1,44.98
9,48,Yes,6,8,72.31
8,40,Yes,9,2,62.81
9,65,Yes,8,7,84.14
7,77,Yes,8,1,82.07
3,77,No,8,2,70.15
3,93,Yes,7,0,79.47
2,83,Yes,7,5,73.38
5,61,Yes,8,6,71.21
3,83,Yes,4,3,71.99
6,49,Yes,8,0,58.15
2,94,Yes,5,2,73.26
3,97,Yes,8,8,88.73
5,45,No,7,4,55.8
1,56,No,7,5,53.43
1,90,No,5,3,66.54
9,89,Yes,5,0,83.38
7,77,No,6,4,77.19
1,63,Yes,4,4,51.46
8,90,Yes,4,4,84.02
3,49,Yes,4,5,48.37
8,95,Yes,9,1,95.15
5,47,No,7,0,53.92
1,60,Yes,4,1,48.58
7,95,Yes,6,9,95.92
5,45,No,6,5,55.87
6,60,No,4,4,57.91
6,96,No,5,4,85.14
8,78,Yes,6,5,83.78
9,63,No,5,9,77.93
2,72,Yes,7,6,66.73
9,98,Yes,9,8,100.0
9,57,No,6,6,71.98
7,95,No,5,1,86.3
1,67,No,4,5,55.42
7,96,Yes,7,8,95.58
5,91,Yes,8,6,85.42
6,71,Yes,8,1,70.24
7,51,Yes,4,2,61.73
5,87,Yes,7,7,83.29
7,81,Yes,7,8,86.95
9,66,No,7,3,78.24
3,49,Yes,7,8,55.17
8,85,No,8,1,86.98
2,96,No,5,4,73.59
7,91,No,7,1,81.3
2,81,No,5,0,60.61
4,71,No,7,4,65.65
7,81,Yes,6,1,79.98
3,65,Yes,9,6,67.7
2,64,Yes,6,7,58.58
7,50,Yes,9,1,64.56
1,62,No,6,6,51.99
8,73,No,7,3,77.71
3,96,No,5,0,70.23
2,91,Yes,9,2,77.12
3,79,Yes,8,0,70.27
5,62,Yes,4,4,62.28
8,68,Yes,9,7,84.8
7,70,No,9,0,74.36
7,46,No,8,8,62.78
7,79,Yes,7,2,80.27
8,72,Yes,6,4,72.54
1,60,No,6,8,55.99
4,41,No,5,4,45.5
6,57,No,7,8,65.73
9,86,No,8,9,95.73
2,72,Yes,7,7,71.05
1,76,No,7,6,63.65
2,73,No,6,0,55.91
7,59,No,8,3,68.23
3,74,No,4,8,63.23
2,90,Yes,9,9,83.18
7,89,Yes,6,7,92.34
2,93,Yes,8,3,78.92
3,57,Yes,5,0,48.44
7,85,Yes,9,9,90.41
4,63,Yes,9,3,67.62
1,47,No,6,2,43.42
5,69,No,5,5,63.16
9,83,No,6,4,86.2
8,92,No,7,4,92.36
9,49,Yes,8,1,71.68
9,62,No,5,2,69.86
7,91,Yes,9,5,94.61
4,88,No,6,1,68.53
5,50,No,9,3,63.2
1,41,No,5,1,34.45
1,97,Yes,9,8,83.33
3,65,No,6,2,56.99
8,75,Yes,6,9,89.02
2,72,Yes,4,9,70.62
4,86,No,9,5,80.35
2,52,Yes,4,0,47.2
5,79,Yes,4,9,77.99
9,64,No,9,2,74.32
1,43,No,5,7,45.75
5,81,No,7,4,74.36
9,58,No,6,7,76.37
1,57,No,8,1,52.3
9,76,No,4,6,81.33
8,69,Yes,5,8,83.56
4,58,No,9,6,68.76
5,97,No,5,2,79.85
5,62,Yes,5,6,64.58
6,98,No,9,7,90.57
7,93,Yes,8,0,92.79
8,55,No,9,2,67.62
8,40,No,8,4,62.27
2,51,Yes,9,5,55.62
9,63,No,4,2,71.38
7,73,Yes,8,3,77.9
4,92,No,4,4,72.82
4,96,No,8,2,81.18
8,47,Yes,8,3,65.14
4,57,No,9,4,62.89
6,96,No,8,1,85.5
5,87,Yes,4,9,83.96
3,44,No,9,8,54.82
2,65,Yes,6,9,63.67
9,69,No,4,7,75.73
9,93,Yes,6,5,99.39
1,52,No,5,9,50.65
3,58,Yes,9,2,56.83
8,68,Yes,5,1,71.26
6,42,No,9,6,59.89
5,65,No,9,7,75.69
5,79,Yes,4,9,79.96
6,98,No,6,0,80.96
7,97,Yes,9,5,100.0
1,97,No,6,6,75.64
9,51,No,9,8,77.09
3,41,Yes,6,2,43.79
4,50,Yes,5,1,46.7
1,83,No,4,4,59.48
3,67,No,9,9,63.7
2,57,No,7,0,53.92
2,52,No,6,5,50.63
1,76,No,6,8,63.25
8,61,Yes,7,9,80.01
3,51,No,4,8,52.48
3,41,No,6,6,48.34
6,76,Yes,4,6,78.02
8,46,Yes,6,7,66.02
9,65,Yes,8,9,83.74
9,65,No,6,1,73.16
4,63,Yes,8,5,69.4
5,51,Yes,9,4,63.8
2,55,Yes,4,4,55.36
9,62,Yes,6,2,72.82
8,79,No,5,2,75.1
3,99,No,5,5,80.24
9,48,No,7,9,69.45
3,71,Yes,5,9,70.59
9,54,Yes,8,6,74.23
2,76,Yes,5,0,60.3
9,52,Yes,5,2,69.98
8,44,Yes,5,0,56.09
9,50,Yes,6,9,71.9
5,49,No,7,2,56.74
2,91,No,4,4,67.5
8,52,Yes,7,8,71.31
6,80,No,8,2,78.15
8,92,Yes,6,9,98.08
5,85,Yes,9,9,91.44
2,89,No,6,8,73.91
6,54,Yes,5,0,59.09
5,81,No,5,5,72.67
5,95,Yes,8,8,91.29
1,46,Yes,9,4,53.01
2,79,No,6,9,69.3
8,67,Yes,9,1,78.26
3,71,Yes,4,4,63.41
3,74,Yes,7,0,63.26
8,54,No,6,8,71.33
8,87,Yes,9,9,98.82
2,75,Yes,4,9,64.03
8,60,Yes,4,8,73.55
1,45,No,7,5,43.45
6,40,No,4,8,55.19
8,43,No,8,2,56.91
3,50,No,4,3,45.79
8,83,No,9,5,89.02
1,65,Yes,8,3,59.61
9,76,No,4,0,75.63
9,62,No,5,6,70.16
5,68,Yes,4,4,69.6
4,60,No,8,7,66.05
6,87,Yes,4,8,86.92
7,84,No,4,4,79.65
5,84,Yes,4,7,78.88
9,88,Yes,8,0,87.73
3,66,No,4,0,51.97
7,78,No,7,6,83.98
5,79,Yes,9,5,84.17
7,52,Yes,7,4,64.96
2,62,Yes,8,4,55.56
4,98,Yes,5,8,86.87
2,55,Yes,7,0,50.92
7,69,Yes,9,7,81.9
2,43,Yes,6,1,44.86
1,79,No,9,6,71.15
9,55,Yes,7,5,75.98
1,70,No,6,9,63.39
8,92,No,8,1,84.6
2,81,Yes,9,2,71.42
8,64,Yes,5,3,76.51
3,83,No,6,6,73.05
6,51,Yes,6,7,65.34
3,65,Yes,9,1,64.72
7,76,No,7,7,81.43
9,87,No,6,8,86.93
2,72,No,8,6,65.72
5,67,Yes,9,0,69.12
6,48,Yes,8,5,66.36
4,51,No,9,7,61.2
4,44,Yes,8,4,52.11
4,93,No,7,1,78.16
2,91,Yes,9,4,78.49
4,93,No,5,7,77.87
1,67,Yes,7,1,55.53
6,95,No,8,0,85.09
1,74,Yes,9,3,68.92
6,44,Yes,7,3,58.87
1,73,No,8,8,67.56
6,85,Yes,4,2,77.95
8,73,Yes,4,3,76.0
2,52,No,6,2,48.59
2,78,Yes,5,1,58.46
4,81,Yes,4,3,70.82
3,84,Yes,8,7,77.81
4,87,No,7,0,75.03
7,97,No,9,7,95.91
1,53,No,7,7,51.86
6,50,No,6,2,52.99
3,81,No,7,9,77.63
7,77,Yes,4,9,82.95
2,43,Yes,7,5,50.41
2,92,No,4,3,67.57
4,72,Yes,4,0,60.65
1,46,Yes,5,0,41.05
3,95,Yes,6,4,79.11
9,80,Yes,8,7,93.37
7,47,No,4,0,47.38
7,76,No,9,1,76.62
4,90,Yes,6,6,85.59
2,49,Yes,8,7,57.28
4,82,No,9,2,75.03
6,96,Yes,7,7,97.07
3,54,Yes,6,0,47.23
1,77,Yes,9,8,71.57
8,54,No,6,1,61.6
5,44,No,6,1,50.62
5,68,Yes,7,3,71.55
4,58,Yes,7,9,65.57
6,93,Yes,6,2,86.8
3,90,Yes,9,3,80.19
9,49,Yes,5,5,69.82
5,51,Yes,4,6,56.03
3,93,No,7,4,77.55
1,43,No,5,1,35.82
6,70,Yes,7,2,74.61
2,57,No,6,9,56.15
3,55,Yes,5,2,52.92
1,79,Yes,9,4,71.41
9,75,No,9,4,86.09
8,64,No,8,3,75.17
2,62,Yes,4,7,58.62
8,51,Yes,4,5,63.76
9,73,No,7,5,81.1
1,75,No,4,0,53.55
5,76,Yes,8,5,78.6
8,42,Yes,9,2,63.41
2,48,Yes,5,5,49.34
4,92,No,5,9,78.67
7,57,Yes,9,5,74.53
3,82,No,6,1,67.06
5,74,Yes,9,0,75.4
8,96,No,5,2,87.1
3,94,No,7,4,74.92
4,73,No,8,3,68.08
9,80,No,9,6,89.6
7,53,Yes,6,3,65.79
1,43,No,7,7,41.66
4,68,No,9,6,70.38
4,80,No,7,9,78.53
9,84,Yes,9,8,96.08
6,89,Yes,7,0,82.05
9,54,Yes,4,4,66.65
6,67,Yes,7,3,70.24
6,81,Yes,4,5,76.78
5,55,Yes,5,0,54.58
5,51,No,4,5,55.47
2,91,No,7,0,68.63
8,44,No,8,0,56.59
8,73,Yes,8,7,89.34
1,81,No,5,1,61.52
8,40,No,7,9,59.78
5,78,Yes,4,5,71.77
2,71,No,8,5,65.08
2,65,Yes,9,5,66.15
6,56,No,6,7,61.62
9,87,Yes,7,3,93.52
1,98,Yes,9,2,81.45
6,66,Yes,9,5,77.06
9,63,No,7,3,76.51
8,74,No,6,1,75.3
6,85,Yes,8,5,86.9
3,81,Yes,6,9,80.22
8,93,No,5,4,89.5
9,78,No,4,8,81.62
1,65,Yes,4,5,56.77
9,88,No,9,2,89.47
6,77,No,8,4,78.21
6,62,No,6,9,71.15
4,61,Yes,9,7,67.33
1,43,Yes,7,8,49.56
8,88,No,9,7,93.83
2,98,Yes,7,2,78.43
1,48,No,7,8,50.43
2,43,No,5,2,41.91
1,46,Yes,5,7,47.54
1,62,Yes,7,9,62.65
9,41,Yes,8,8,72.87
1,88,No,5,6,69.75
4,63,No,5,3,58.7
6,79,Yes,4,9,78.48
7,94,Yes,9,8,99.74
2,70,Yes,4,2,58.66
6,86,No,8,2,83.17
7,70,No,5,1,68.09
2,86,No,5,9,69.47
2,79,Yes,6,2,63.0
7,87,Yes,8,0,86.17
1,90,No,9,3,71.86
8,82,Yes,9,7,93.57
3,73,Yes,9,4,72.03
6,94,Yes,8,1,87.07
9,63,Yes,6,2,74.11
6,88,No,6,0,75.07
9,99,Yes,4,1,91.87
7,65,No,8,0,67.33
9,55,No,8,1,67.76
2,96,Yes,6,2,75.95
8,86,No,7,0,81.65
8,52,No,7,8,71.54
2,54,Yes,4,9,55.14
4,66,No,7,4,66.15
7,43,No,7,7,63.88
4,55,No,7,4,59.21
4,69,No,5,7,66.97
6,83,No,4,6,77.45
6,69,No,6,3,70.13
3,75,No,7,6,69.18
9,42,No,9,5,68.17
2,61,Yes,5,2,55.33
6,88,Yes,7,8,88.58
7,61,Yes,5,9,75.39
9,89,No,4,8,90.08
3,96,No,9,4,82.39
3,89,No,9,7,80.45
7,94,Yes,9,6,96.73
4,99,Yes,7,8,92.89
8,88,Yes,5,6,91.08
7,51,No,9,3,65.31
5,94,Yes,8,3,88.1
7,60,Yes,8,7,78.04
3,95,No,5,5,76.7
2,43,Yes,7,8,50.07
6,70,No,7,9,79.1
2,83,Yes,4,6,68.74
3,70,No,4,6,60.12
6,97,No,9,3,86.11
5,62,No,6,2,61.84
8,93,No,4,7,85.56
9,92,No,7,6,92.7
3,59,Yes,6,3,59.08
3,54,No,4,3,50.34
3,62,No,5,0,50.9
6,67,No,8,6,72.93
1,55,No,4,0,39.75
7,76,Yes,4,9,80.0
1,60,No,5,9,55.53
5,54,Yes,7,3,60.4
8,56,No,9,2,68.61
4,89,No,5,2,69.97
5,76,Yes,9,0,76.87
4,52,Yes,4,3,54.22
4,58,Yes,7,0,59.89
8,69,No,6,7,79.98
2,84,Yes,4,0,62.75
1,57,No,5,5,48.48
3,53,Yes,6,6,53.51
9,75,Yes,8,9,97.78
4,75,No,6,1,64.7
5,59,Yes,5,3,63.48
2,91,Yes,6,2,71.12
4,58,No,5,8,62.29
2,84,No,4,6,71.12
2,83,No,7,1,66.18
4,46,Yes,8,5,55.58
6,96,Yes,7,8,93.82
7,83,Yes,7,2,78.35
3,92,Yes,7,5,81.12
3,43,Yes,5,2,47.44
6,98,No,5,2,83.23
3,73,Yes,8,3,68.73
2,41,No,5,8,46.16
8,44,Yes,9,7,71.11
5,94,No,5,0,73.08
1,49,Yes,5,0,42.58
3,71,Yes,5,6,71.47
8,81,No,4,2,73.93
4,80,Yes,8,6,78.83
7,52,No,9,8,74.08
2,78,Yes,5,2,66.51
7,44,Yes,8,2,59.87
5,97,No,6,1,81.11
5,49,Yes,4,9,59.9
6,49,No,5,0,50.4
9,77,Yes,9,8,93.05
6,66,Yes,4,5,68.04
8,99,Yes,9,5,100.0
7,90,Yes,4,7,86.0
9,60,Yes,6,4,71.95
4,47,Yes,8,8,61.12
2,40,Yes,4,4,45.43
7,67,No,7,1,69.36
6,88,Yes,6,5,84.14
1,78,Yes,7,8,72.31
9,53,Yes,6,2,67.98
9,60,No,7,9,81.74
2,69,No,7,3,59.89
3,60,Yes,9,9,70.4
5,88,Yes,4,7,79.79
5,48,Yes,4,5,56.31
1,56,No,6,6,51.65
8,44,Yes,8,6,67.29
8,97,No,9,3,93.7
4,96,Yes,4,5,80.32
7,70,No,4,8,74.06
3,91,No,9,2,78.86
6,79,Yes,5,7,79.65
9,77,Yes,9,6,91.77
1,82,Yes,4,3,63.62
5,58,Yes,8,9,71.5
4,75,Yes,5,2,67.1
8,89,Yes,7,6,92.94
1,72,Yes,9,9,76.6
9,52,No,7,8,72.82
6,53,Yes,5,9,67.59
4,95,Yes,5,2,80.38
9,72,No,5,9,81.67
5,68,Yes,6,8,75.89
5,82,Yes,9,7,84.62
5,88,Yes,8,2,84.41
1,75,Yes,8,7,68.83
1,97,No,7,3,72.28
8,83,No,7,5,86.03
8,49,Yes,7,9,69.69
6,70,Yes,9,1,75.57
4,45,No,4,7,47.61
2,96,Yes,7,8,83.46
2,40,No,5,6,39.64
9,46,No,7,7,73.25
5,97,No,5,6,80.89
4,66,Yes,6,9,70.62
1,60,Yes,4,3,52.79
7,67,Yes,4,0,68.77
3,55,No,9,2,57.7
6,95,Yes,9,6,93.87
5,85,Yes,8,6,87.2
5,62,No,6,2,62.53
5,91,Yes,9,0,84.02
1,59,Yes,5,9,57.88
1,77,Yes,6,8,68.09
3,93,No,4,5,72.48
4,64,Yes,5,6,67.37
5,67,No,6,0,64.32
2,44,No,4,0,35.63
8,95,No,9,3,93.19
2,60,Yes,5,6,57.21
9,57,Yes,5,7,74.13
2,86,Yes,4,9,74.73
9,45,No,5,8,66.89
7,96,No,9,0,87.11
8,68,Yes,9,3,78.61
2,58,No,9,3,58.77
7,72,Yes,4,2,70.77
6,40,Yes,7,6,55.97
4,84,Yes,7,0,72.93
7,42,Yes,5,8,60.54
4,81,Yes,9,7,85.21
2,60,Yes,5,1,54.35
7,74,Yes,4,1,74.2
8,80,No,5,7,84.14
2,79,Yes,8,0,69.29
5,42,No,7,6,52.82
1,64,No,5,8,56.0
7,84,Yes,5,2,78.42
8,77,No,6,6,80.78
6,84,No,5,5,79.27
5,94,No,8,6,87.17
6,59,Yes,7,6,72.52
2,91,Yes,6,9,78.32
1,83,Yes,4,0,62.3
7,84,Yes,4,2,76.4
7,73,Yes,7,9,83.99
2,60,No,4,0,48.48
2,95,No,8,4,77.57
1,94,Yes,5,2,72.5
8,87,No,7,0,80.78
8,62,No,6,1,63.87
1,45,No,5,9,47.11
8,90,No,4,4,87.49
9,92,Yes,4,2,86.71
4,52,Yes,6,5,60.64
1,88,Yes,8,8,78.39
1,62,No,6,5,51.03
3,48,No,7,1,45.54
5,56,Yes,6,1,59.13
5,41,Yes,4,7,52.29
9,58,No,8,7,73.67
2,58,Yes,8,5,56.41
2,95,Yes,9,9,85.81
6,46,No,6,6,57.99
9,93,No,7,0,88.79
1,81,Yes,4,8,67.1
9,81,No,5,4,83.0
9,98,Yes,8,8,100.0
9,59,No,6,1,68.69
5,48,No,9,7,61.56
9,56,Yes,7,6,77.46
4,66,No,7,3,61.18
2,86,Yes,4,2,67.15
6,41,No,8,3,54.2
4,75,Yes,4,3,64.53
6,58,No,9,9,71.46
3,56,No,5,9,53.45
6,44,Yes,5,7,62.72
2,78,No,5,3,60.43
2,57,Yes,7,4,59.87
9,92,No,8,1,90.78
7,93,No,4,3,83.43
3,98,Yes,4,6,80.32
1,46,No,9,2,46.02
8,56,No,5,0,62.4
6,78,Yes,8,7,85.13
7,75,No,8,7,83.05
9,79,Yes,9,5,90.66
5,84,Yes,6,6,79.94
1,43,Yes,8,9,49.11
7,77,No,8,1,77.75
5,64,No,4,4,63.06
3,44,Yes,9,6,59.63
9,69,No,8,8,84.51
1,51,Yes,8,0,46.57
1,43,No,4,2,32.91
1,63,Yes,8,5,62.38
3,68,Yes,4,6,59.71
6,48,No,6,5,57.12
3,43,Yes,7,0,46.35
8,90,Yes,4,3,85.86
2,63,No,4,5,53.87
9,53,Yes,8,7,76.58
3,44,Yes,4,9,47.07
5,57,No,9,3,63.23
8,81,Yes,5,6,80.64
2,96,Yes,5,2,76.56
6,58,Yes,6,7,67.69
5,51,Yes,4,0,47.79
9,57,Yes,9,3,74.57
5,56,Yes,8,7,66.96
2,69,Yes,8,9,72.78
5,63,Yes,7,3,67.19
4,50,No,6,1,50.69
7,74,Yes,9,1,81.76
6,62,Yes,9,3,71.51
2,56,No,8,3,55.11
5,40,Yes,7,1,52.37
7,54,Yes,8,6,68.33
7,71,Yes,7,5,81.55
5,99,Yes,5,2,81.56
9,48,Yes,9,7,76.63
4,54,Yes,5,7,56.87
3,67,No,8,0,60.9
4,63,No,6,2,62.52
5,99,No,4,4,81.47
6,74,No,6,1,68.89
3,61,No,6,4,58.32
2,66,Yes,4,9,61.94
4,58,Yes,9,2,66.94
5,84,Yes,5,8,81.78
4,51,Yes,5,0,50.46
3,59,Yes,9,3,61.32
8,40,No,4,9,57.13
4,60,No,7,5,60.24
2,88,Yes,6,8,77.1
2,84,Yes,8,2,71.42
1,40,Yes,5,2,37.68
4,49,No,9,4,61.1
9,86,No,8,6,90.04
7,98,Yes,4,4,89.59
7,98,No,8,7,96.49
7,71,Yes,8,4,80.36
8,78,No,6,6,81.68
1,99,No,4,5,72.42
8,61,Yes,8,9,81.5
4,57,No,5,1,53.23
4,87,No,4,2,69.68
4,85,Yes,5,3,71.38
6,71,No,9,4,74.16
7,66,Yes,9,8,79.31
6,67,No,7,5,69.37
1,57,Yes,9,0,53.27
8,98,Yes,8,2,96.52
7,78,No,4,6,79.86
6,88,No,9,7,87.23
6,68,Yes,5,6,73.85
5,57,No,8,4,63.31
6,83,No,9,9,89.89
9,47,No,6,7,67.85
9,93,Yes,5,8,94.78
8,70,Yes,5,6,75.05
9,73,Yes,7,8,88.42
8,46,No,6,0,55.54
8,75,No,7,8,81.54
1,57,Yes,9,2,52.66
5,99,Yes,6,5,89.22
4,77,No,5,7,73.72
2,98,No,7,2,75.48
8,48,No,8,3,64.98
3,98,No,6,6,81.1
4,48,Yes,5,6,52.72
7,85,No,4,3,78.97
9,47,No,6,8,65.51
2,90,Yes,6,2,73.04
3,74,Yes,9,7,74.72
4,57,No,8,7,64.99
1,44,Yes,9,3,46.28
7,53,No,6,6,65.08
2,67,No,6,3,55.52
5,69,Yes,8,0,67.88
1,43,Yes,8,0,36.03
3,78,No,7,0,68.98
2,59,Yes,5,1,53.0
1,64,No,5,5,51.87
7,67,No,7,9,74.95
5,51,No,5,4,53.61
1,41,Yes,6,1,41.53
6,82,No,7,7,77.92
5,53,No,7,8,62.52
3,61,No,5,6,61.14
7,70,Yes,4,8,74.23
9,62,No,5,3,70.36
9,87,No,9,6,98.61
9,59,No,4,4,69.16
2,77,Yes,7,4,68.95
3,94,No,4,2,72.91
7,43,No,6,8,59.5
5,54,Yes,8,9,71.5
2,63,Yes,4,4,55.0
3,64,No,9,5,60.48
6,40,No,8,2,52.22
7,46,No,6,9,61.17
9,96,Yes,9,6,100.0
1,70,Yes,8,8,66.98
7,51,No,6,8,67.49
8,81,Yes,8,9,93.99
3,44,No,8,9,55.43
4,83,No,5,4,71.29
6,89,Yes,9,6,88.78
7,81,No,9,2,77.24
4,77,Yes,4,5,70.43
8,99,Yes,9,7,100.0
5,51,No,9,7,63.38
1,78,Yes,8,1,64.23
4,57,No,7,5,60.63
3,41,Yes,5,6,48.43
9,49,No,4,6,67.27
8,54,No,5,2,64.37
1,69,No,4,8,59.82
6,83,Yes,6,1,79.32
9,97,No,8,2,92.12
7,56,Yes,9,1,69.93
4,43,Yes,9,8,61.05
1,46,Yes,7,3,47.81
2,80,Yes,5,1,65.49
5,70,Yes,5,2,67.91
5,90,No,5,3,82.4
8,99,Yes,9,9,100.0
6,98,No,5,5,88.17
8,94,No,8,4,91.46
2,78,Yes,4,2,64.38
3,94,No,9,9,88.28
6,73,No,8,7,78.53
3,45,Yes,6,7,56.84
6,89,No,8,6,84.63
6,77,Yes,8,2,77.23
2,84,Yes,6,0,67.82
7,97,Yes,8,4,96.46
2,90,No,4,0,65.36
6,73,No,9,5,79.87
1,83,No,7,6,67.48
3,54,No,6,4,50.62
2,53,Yes,9,3,56.92
7,45,Yes,5,1,55.85
4,89,No,4,4,74.49
8,76,Yes,7,8,87.05
6,89,No,4,3,76.72
4,71,Yes,4,1,62.45
5,42,Yes,5,5,53.26
9,42,Yes,7,7,67.59
7,61,Yes,4,1,63.69
9,61,Yes,5,8,76.79
7,49,No,6,6,63.61
1,90,No,5,1,65.39
8,42,Yes,8,4,68.71
4,51,No,9,4,58.42
3,68,Yes,5,6,63.7
7,87,Yes,5,4,89.54
3,56,Yes,5,5,57.43
8,46,Yes,4,8,66.58
6,52,No,7,2,59.88
5,95,Yes,5,2,83.25
4,41,No,5,7,50.17
8,43,Yes,8,9,67.6
8,49,Yes,8,5,70.14
1,78,No,6,9,64.65
9,63,Yes,6,2,73.95
5,56,Yes,8,1,60.65
4,91,No,7,1,76.81
6,45,No,6,1,52.67
6,58,No,9,4,68.26
2,44,Yes,9,4,52.47
8,71,Yes,7,0,74.89
7,49,No,8,1,59.38
1,48,No,6,1,43.14
5,66,Yes,5,3,67.74
6,52,Yes,8,6,64.91
4,58,No,6,2,52.74
2,60,No,7,4,54.05
4,63,No,9,8,71.39
1,77,No,7,4,65.63
7,43,Yes,6,8,61.45
2,63,Yes,7,0,56.91
2,98,Yes,6,8,87.47
9,74,Yes,6,4,83.73
5,42,No,7,7,58.04
2,43,Yes,4,4,45.8
9,96,No,5,5,90.78
9,76,Yes,8,7,89.72
1,79,Yes,9,1,67.47
3,87,Yes,5,2,72.41
4,93,No,8,8,87.63
7,74,Yes,8,4,81.72
4,70,No,9,4,63.63
2,95,No,5,8,74.87
7,83,Yes,9,9,88.43
6,64,No,6,2,64.75
3,79,Yes,9,3,74.88
6,52,No,7,6,63.27
6,43,Yes,4,1,48.88
5,85,No,4,7,77.85
4,53,No,4,4,53.23
1,52,Yes,5,0,41.69
6,66,Yes,5,2,64.17
2,45,Yes,6,8,52.0
3,56,Yes,4,4,57.68
8,75,No,6,7,84.4
6,79,No,4,0,69.53
3,88,No,5,6,72.34
7,74,No,7,6,80.17
4,56,Yes,7,7,63.2
9,80,No,7,2,81.46
5,41,Yes,9,0,49.31
3,96,No,7,8,83.8
2,52,Yes,8,0,49.94
2,91,Yes,4,5,73.79
3,41,Yes,7,8,49.0
2,91,Yes,8,1,75.94
4,67,Yes,8,3,63.34
2,82,No,8,1,69.38
9,98,Yes,6,3,97.34
2,65,No,6,1,53.44
9,61,No,8,0,72.23
6,86,Yes,9,2,83.14
1,82,No,7,7,69.34
4,94,No,4,4,77.99
1,42,No,9,3,38.01
6,74,Yes,5,4,73.01
4,99,Yes,6,5,86.35
3,97,Yes,7,5,83.81
3,51,Yes,7,4,58.51
9,63,No,5,5,70.55
6,44,No,5,8,55.66
9,59,No,7,4,68.57
5,78,No,5,5,74.82
2,78,No,7,3,64.81
8,52,No,9,2,65.82
5,80,Yes,5,5,75.9
2,96,No,9,4,81.37
4,92,No,9,3,82.39
9,84,No,5,4,89.7
4,51,Yes,7,6,61.01
4,52,No,8,0,52.27
2,95,No,7,0,71.38
6,49,Yes,4,0,52.61
2,72,No,5,1,53.7
7,96,Yes,6,8,95.18
3,79,Yes,5,4,70.97
3,93,No,4,8,76.07
5,55,No,9,4,61.39
3,84,Yes,6,6,78.93
2,74,No,6,5,60.55
9,42,No,7,1,55.06
2,95,Yes,8,2,76.69
2,44,Yes,7,4,45.82
8,65,No,6,3,71.77
9,50,Yes,6,5,68.78
7,46,No,8,7,63.66
3,92,No,5,7,79.51
9,95,No,8,2,92.12
3,49,No,9,3,54.95
5,81,Yes,7,0,77.62
9,91,No,5,1,84.69
3,73,Yes,7,8,74.27
7,42,No,8,9,63.22
1,47,No,5,9,49.05
4,70,Yes,8,1,64.86
4,50,No,9,5,55.21
7,84,Yes,4,6,82.12
8,46,Yes,6,5,62.82
1,84,No,5,7,66.37
5,41,No,6,8,53.66
7,45,No,4,7,58.94
4,80,No,5,4,68.68
4,71,Yes,6,7,69.95
4,59,No,6,9,62.7
6,96,No,5,9,87.56
7,73,No,6,8,76.43
2,89,No,6,7,71.17
5,55,No,5,1,54.14
4,64,Yes,6,1,60.26
3,51,No,6,2,51.03
7,46,Yes,7,6,61.71
6,78,No,9,8,82.22
7,56,No,7,7,72.23
5,84,No,4,8,75.02
6,50,Yes,7,5,63.03
5,45,No,7,0,47.57
7,62,Yes,4,3,64.0
2,66,Yes,6,5,64.69
5,85,No,6,5,77.84
6,45,Yes,7,7,62.77
6,77,No,4,0,63.81
5,41,No,6,1,47.82
7,61,Yes,8,1,72.41
8,59,No,5,5,70.2
7,64,No,5,6,70.74
5,54,Yes,9,1,60.14
1,99,Yes,5,4,77.03
5,88,Yes,7,5,85.14
2,68,Yes,5,3,55.71
5,47,Yes,5,0,48.96
5,76,Yes,8,2,76.88
2,88,No,6,9,77.55
5,91,Yes,8,8,87.0
4,72,Yes,7,5,73.29
1,61,No,5,1,47.79
3,89,No,6,8,79.46
1,86,Yes,9,3,72.33
5,44,Yes,9,7,63.69
4,78,No,5,9,74.99
7,57,Yes,5,6,67.5
5,77,Yes,9,2,77.24
4,93,No,9,7,85.0
2,92,Yes,7,3,80.0
4,76,No,5,1,63.86
2,69,Yes,9,4,65.06
8,90,No,4,0,78.57
3,70,No,9,7,70.25
9,49,No,6,7,69.41
4,54,Yes,6,2,53.73
6,81,No,4,0,73.3
5,98,Yes,7,3,88.42
1,87,No,5,8,71.13
9,83,No,5,8,87.61
1,57,No,9,0,50.24
8,62,Yes,6,6,74.9
9,72,Yes,7,5,86.24
9,55,No,7,6,71.98
1,93,Yes,7,6,79.33
2,77,Yes,9,7,73.83
1,74,Yes,5,7,64.79
2,73,No,7,9,66.69
8,67,Yes,9,1,80.13
5,41,No,9,3,51.93
7,69,No,4,3,67.25
2,52,No,8,9,56.57
8,80,Yes,7,7,87.79
6,55,No,8,2,63.44
8,98,Yes,5,2,90.67
1,44,Yes,9,1,49.19
1,94,No,7,0,67.76
7,67,No,6,7,74.04
8,92,No,5,8,89.15
3,78,Yes,4,8,72.14
5,84,Yes,4,7,78.87
1,59,No,8,4,53.59
7,63,No,9,0,71.18
5,66,Yes,8,8,73.79
8,69,Yes,6,5,79.57
8,97,No,6,6,91.66
9,84,Yes,4,7,89.13
7,66,Yes,7,4,72.21
1,65,Yes,4,5,54.17
3,46,Yes,4,6,49.94
8,81,Yes,6,6,90.23
3,86,Yes,8,1,75.3
8,92,No,6,0,87.51
1,98,Yes,9,7,85.24
5,77,No,6,4,70.93
4,44,No,6,9,57.48
5,62,Yes,4,1,60.57
8,67,No,7,2,71.41
4,73,No,4,5,65.74
4,92,No,5,9,81.11
3,54,Yes,6,5,52.92
7,71,No,6,7,77.97
3,65,Yes,5,4,63.19
3,87,No,6,4,76.38
5,70,No,6,6,70.34
5,58,No,9,9,69.3
6,48,No,6,4,58.47
8,68,Yes,5,8,81.0
6,93,No,4,5,85.08
1,97,No,6,6,75.61
8,90,Yes,7,7,94.17
8,78,Yes,5,4,79.87
9,43,Yes,8,3,67.37
9,42,No,9,7,65.1
2,95,Yes,5,9,83.05
2,68,Yes,4,8,63.98
3,91,Yes,5,0,73.77
1,50,Yes,8,2,49.78
4,72,Yes,9,3,75.77
4,77,Yes,7,6,77.44
9,97,No,8,5,96.49
9,50,Yes,5,9,70.82
9,66,No,8,9,81.34
7,72,Yes,5,0,72.3
2,60,Yes,7,3,55.5
5,78,Yes,7,5,79.97
4,70,No,4,2,62.65
8,77,Yes,7,1,78.94
2,85,Yes,6,1,68.63
6,41,Yes,8,9,63.63
5,66,Yes,8,3,71.87
2,75,No,5,0,60.72
1,50,No,7,9,48.63
8,86,No,4,1,77.96
2,57,No,4,9,53.67
7,98,No,4,1,80.5
9,40,Yes,9,3,65.03
9,74,Yes,6,3,82.76
8,74,Yes,7,0,77.34
9,70,No,4,6,73.41
2,67,Yes,6,6,68.95
6,78,No,8,9,83.33
4,40,Yes,5,9,53.72
4,64,No,7,9,65.7
5,82,Yes,7,0,75.72
3,77,Yes,9,7,76.87
1,59,Yes,8,9,58.12
8,42,Yes,7,6,62.56
5,90,No,9,6,87.59
3,41,Yes,9,5,57.49
7,57,Yes,9,3,71.93
7,83,Yes,7,7,90.01
1,49,No,7,1,43.09
9,44,Yes,7,6,68.23
2,48,Yes,6,2,49.98
5,41,Yes,9,2,58.93
5,73,Yes,6,6,76.9
8,99,Yes,5,2,89.77
8,77,No,7,4,80.57
7,70,No,8,7,79.06
7,49,No,4,3,55.38
6,89,Yes,5,6,85.68
6,51,No,4,6,59.24
9,75,Yes,4,1,79.51
6,93,Yes,7,7,94.67
2,60,Yes,8,9,64.34
2,88,Yes,4,9,73.07
5,86,No,9,8,86.32
4,45,No,4,5,51.77
2,87,No,5,4,67.75
3,88,Yes,8,0,76.67
7,42,No,8,0,56.09
8,49,No,4,8,63.78
6,44,Yes,8,3,59.41
5,85,No,5,0,69.15
1,65,Yes,5,9,56.44
8,60,No,5,2,63.28
3,84,No,9,5,75.62
6,65,No,7,7,73.69
3,77,Yes,4,9,71.49
7,83,No,8,1,79.26
7,65,No,5,7,69.22
9,47,No,4,0,58.01
5,44,No,4,1,48.62
8,54,Yes,7,7,75.03
8,98,Yes,9,6,100.0
1,55,No,8,4,48.55
5,40,No,9,9,58.3
3,55,No,8,1,57.39
1,76,Yes,5,8,68.84
4,42,No,5,4,43.62
8,91,No,4,7,87.49
3,86,Yes,8,3,77.83
2,70,Yes,8,8,68.48
9,52,Yes,9,9,74.58
5,95,No,5,6,83.2
7,55,Yes,6,1,61.92
2,94,Yes,4,2,70.83
9,82,No,8,1,83.99
9,60,Yes,7,4,75.73
4,41,No,7,1,46.08
4,93,No,6,4,77.03
6,66,Yes,5,8,72.66
6,77,No,5,1,66.19
1,65,Yes,5,8,60.62
9,97,Yes,9,6,97.49
2,98,Yes,7,6,82.72
5,77,No,5,4,72.04
9,85,Yes,7,7,91.88
4,64,No,6,6,64.83
3,50,No,4,5,50.81
7,47,No,9,1,53.58
6,47,Yes,8,5,62.9
8,72,No,6,1,67.45
3,92,No,7,0,72.96
5,46,Yes,6,8,60.09
4,77,Yes,8,4,70.23
4,60,No,9,9,72.35
4,47,No,4,9,53.77
8,90,Yes,8,3,90.3
6,93,No,9,7,94.23
3,60,No,7,4,54.41
5,95,No,8,6,85.04
6,59,No,6,2,56.8
5,47,Yes,5,7,61.8
6,97,No,6,7,89.86
8,85,Yes,7,2,87.82
7,70,No,4,8,74.1
5,89,Yes,8,7,89.05
6,96,No,4,0,78.76
4,68,Yes,7,7,71.84
9,87,No,8,3,89.92
4,48,Yes,9,5,59.08
1,54,No,9,9,57.31
7,69,No,6,8,76.45
7,65,Yes,6,4,72.72
4,49,Yes,7,6,55.94
3,68,Yes,9,0,62.11
8,93,Yes,8,8,100.0
5,55,Yes,9,5,66.39
7,75,No,6,3,75.67
4,59,Yes,7,5,61.72
4,84,Yes,9,4,77.95
8,93,No,7,2,86.61
8,76,Yes,9,6,87.65
2,61,Yes,4,2,51.27
2,46,Yes,9,1,52.69
3,62,No,6,3,57.06
3,80,Yes,8,6,80.2
1,79,No,6,4,63.71
3,68,No,6,8,60.47
6,55,Yes,6,9,71.11
8,77,No,7,6,79.68
6,67,Yes,5,8,74.16
5,87,Yes,5,8,81.65
4,77,Yes,4,1,70.49
3,70,Yes,6,0,64.38
4,53,Yes,5,3,53.82
7,92,No,4,3,81.45
1,72,No,7,1,57.69
7,96,No,6,2,87.83
1,48,No,8,2,45.36
2,96,Yes,7,4,78.05
4,66,Yes,4,0,57.16
1,63,No,7,8,58.79
9,52,Yes,8,7,78.17
6,65,No,7,7,72.36
1,68,No,4,2,49.75
1,90,No,8,1,70.8
6,88,No,8,0,79.03
4,82,Yes,7,5,79.48
4,67,Yes,8,9,79.25
6,67,No,7,0,64.98
7,47,No,6,4,60.3
9,62,No,8,8,78.21
5,68,No,7,8,71.58
9,44,No,6,3,60.96
4,81,Yes,8,6,79.21
2,46,No,6,6,52.53
3,81,No,9,3,71.99
1,75,Yes,8,4,67.67
6,80,Yes,9,8,83.64
6,66,Yes,4,6,70.46
1,97,Yes,4,6,77.98
3,85,Yes,7,9,79.94
5,41,Yes,5,6,48.58
3,64,Yes,9,8,70.32
3,48,Yes,9,4,56.83
3,92,Yes,4,5,78.15
5,66,No,9,2,71.62
5,40,Yes,5,0,46.24
4,62,No,6,1,55.49
1,49,No,6,7,45.57
5,81,No,5,0,69.0
5,91,No,9,9,90.56
4,64,No,9,6,66.81
6,93,No,9,4,89.86
4,42,No,7,5,51.63
7,45,No,8,7,63.59
7,97,Yes,5,3,87.4
2,45,No,5,5,43.54
3,92,No,5,2,67.34
1,41,No,5,6,41.07
8,97,No,5,1,86.75
9,97,Yes,9,7,100.0
4,57,No,7,6,61.71
6,62,Yes,4,7,68.97
9,41,Yes,9,1,64.38
6,51,No,9,2,61.2
9,61,No,8,3,71.29
4,76,Yes,4,8,71.43
8,59,No,5,4,67.0
9,78,No,4,5,78.83
4,63,Yes,7,0,63.02
5,87,Yes,6,3,78.38
8,59,No,9,3,72.33
6,40,No,4,9,54.23
7,40,No,8,7,61.99
3,56,Yes,7,7,63.4
7,98,No,6,9,95.69
8,40,Yes,7,5,58.29
6,92,Yes,5,7,90.09
9,91,No,6,8,97.15
6,84,Yes,8,4,83.44
9,69,No,6,0,73.37
4,80,No,8,0,68.22
8,86,Yes,5,1,79.2
4,42,No,8,1,46.72
2,85,Yes,7,4,72.42
9,94,Yes,4,6,93.19
5,50,No,7,6,57.08
4,63,No,9,3,62.83
2,61,No,7,3,55.08
1,83,No,6,9,68.76
7,84,Yes,5,2,81.49
6,65,Yes,9,1,72.86
2,52,Yes,9,2,59.46
8,40,No,9,7,66.75
4,63,Yes,4,0,57.29
8,49,Yes,8,3,66.16
7,74,No,6,6,77.49
5,63,No,5,4,62.45
8,67,No,4,1,66.17
9,75,Yes,7,0,82.57
5,55,No,5,5,55.2
5,79,Yes,9,4,79.91
2,55,Yes,5,2,51.61
5,98,Yes,5,8,89.22
3,56,Yes,7,2,56.19
7,90,Yes,8,1,87.22
5,93,No,6,4,79.63
8,54,Yes,9,8,79.25
1,55,No,8,7,52.46
3,54,Yes,4,5,54.54
3,96,Yes,9,2,84.43
9,73,No,6,5,78.4
5,50,Yes,4,4,55.65
9,40,Yes,7,0,58.18
9,54,No,8,4,73.68
1,65,No,9,6,58.72
2,90,Yes,5,8,76.19
5,43,Yes,6,0,47.85
4,82,Yes,9,2,74.98
9,44,No,5,7,66.58
7,74,Yes,9,5,84.49
6,52,No,4,4,56.48
7,49,No,5,9,62.09
1,50,Yes,5,1,45.82
1,57,No,9,2,50.55
8,73,Yes,7,1,79.89
2,78,Yes,7,0,63.55
9,80,No,8,6,87.21
7,81,No,4,2,75.62
6,89,No,7,6,86.63
1,62,No,9,6,60.39
1,46,No,7,7,45.5
2,98,No,8,0,74.91
6,78,Yes,6,4,78.11
6,42,Yes,8,9,62.5
2,51,Yes,5,8,56.84
1,46,No,5,6,38.8
5,88,No,7,0,74.24
5,65,No,7,7,67.98
2,72,Yes,8,2,59.51
6,76,Yes,8,3,75.81
9,87,No,9,3,92.45
2,54,No,4,9,52.46
2,41,No,9,7,53.25
3,80,No,5,0,66.09
7,46,Yes,9,7,69.47
6,71,Yes,8,8,81.23
8,43,Yes,9,8,70.43
8,59,No,6,4,63.09
6,89,Yes,4,3,77.61
3,92,No,8,3,77.9
3,75,No,7,8,72.23
1,71,No,9,7,66.18
7,67,Yes,8,9,79.92
5,52,Yes,7,9,68.07
4,40,No,7,6,53.46
4,99,Yes,5,2,83.78
4,95,No,5,3,79.48
6,74,No,8,8,78.28
8,87,No,8,7,93.35
8,69,Yes,6,0,73.69
5,93,Yes,4,2,80.32
6,75,No,4,9,75.73
4,96,Yes,8,1,83.36
9,94,Yes,5,1,88.68
8,64,Yes,9,7,81.74
1,55,Yes,6,5,54.47
2,97,No,4,5,73.32
9,58,Yes,8,3,77.09
8,40,No,5,0,52.97
3,44,No,5,6,46.8
8,90,Yes,5,7,94.28
1,61,No,9,1,52.89
4,63,No,7,1,62.32
3,82,Yes,9,0,74.07
6,84,No,5,3,75.87
7,91,No,8,5,87.32
4,76,Yes,6,4,71.42
7,92,Yes,9,3,91.79
9,75,Yes,8,3,82.98
2,75,Yes,5,9,69.06
3,43,Yes,6,6,49.69
5,75,No,4,6,70.67
3,91,No,4,1,71.71
8,92,Yes,8,6,93.75
8,57,Yes,6,1,70.62
8,89,No,8,3,88.14
9,55,Yes,6,0,65.55
4,80,Yes,6,4,75.52
5,57,No,8,0,57.81
5,61,No,6,3,60.94
8,41,No,9,8,65.29
7,60,Yes,5,7,69.37
9,75,No,6,5,82.95
8,83,Yes,9,7,92.73
2,78,No,6,4,61.93
4,86,Yes,9,6,85.2
6,78,Yes,8,7,81.39
2,68,Yes,4,6,58.49
7,93,No,7,3,89.19
3,65,No,6,4,57.11
3,60,No,7,9,58.37
2,56,Yes,6,5,56.85
8,55,No,8,5,69.39
6,99,No,8,8,93.96
1,70,Yes,9,9,69.37
1,90,Yes,6,1,69.96
7,48,No,8,5,61.79
8,70,No,8,2,78.95
5,53,No,6,1,51.35
5,88,Yes,9,5,87.69
4,76,No,9,3,73.38
6,41,Yes,9,4,58.58
6,91,Yes,9,4,88.05
3,87,No,4,2,69.73
9,85,No,6,3,83.52
7,53,Yes,4,2,59.09
1,98,Yes,8,6,84.07
7,72,No,4,0,66.77
5,74,No,9,5,71.81
5,97,No,8,3,89.19
2,78,Yes,4,0,59.74
4,97,Yes,4,0,76.39
6,86,No,6,4,80.11
7,90,Yes,4,4,85.75
5,59,Yes,8,9,75.82
9,41,No,9,6,63.28
3,90,Yes,6,3,78.15
1,80,No,4,8,65.99
4,58,No,6,3,56.53
9,98,Yes,7,6,100.0
4,76,Yes,6,4,73.47
2,57,No,9,4,53.94
5,55,Yes,7,5,67.5
3,43,No,7,7,47.68
9,51,Yes,6,4,66.83
4,68,Yes,8,2,67.28
6,46,Yes,9,5,67.95
2,53,No,8,1,49.18
6,94,Yes,9,7,94.84
3,51,No,9,7,61.46
9,74,No,8,2,80.3
2,44,No,5,7,43.54
9,56,Yes,7,8,76.77
5,97,No,6,4,86.44
8,81,No,8,4,84.74
2,71,Yes,8,5,71.46
6,49,No,6,6,60.88
3,82,No,7,2,67.91
5,56,Yes,6,4,62.2
8,44,No,9,0,58.19
1,84,Yes,5,9,71.06
5,81,No,9,4,87.56
3,48,No,5,3,48.84
4,88,Yes,6,0,76.52
2,72,No,9,6,66.45
9,75,No,7,0,81.14
3,75,No,9,7,75.2
2,57,Yes,8,9,66.96
9,48,Yes,5,1,66.47
7,96,Yes,5,9,91.64
6,68,Yes,7,4,71.08
1,89,Yes,5,5,69.39
5,53,No,5,8,57.91
3,64,Yes,7,6,66.05
1,54,Yes,9,5,55.27
4,45,Yes,6,4,57.15
2,95,No,9,5,84.31
2,81,No,8,3,68.59
3,68,Yes,8,0,67.21
8,54,No,5,8,70.88
8,68,No,8,4,75.9
7,43,No,6,7,55.28
6,57,No,5,6,62.26
9,89,Yes,8,7,96.61
4,96,Yes,4,0,77.01
1,88,No,4,8,69.48
8,83,No,4,0,75.93
7,78,No,4,2,73.35
7,55,No,9,7,68.57
3,50,Yes,4,0,47.32
4,53,No,5,0,48.42
9,42,Yes,7,5,66.6
6,90,No,9,4,88.41
5,89,Yes,7,5,81.95
3,81,No,5,2,65.04
9,77,Yes,5,9,87.96
5,84,Yes,6,9,82.87
5,81,Yes,9,5,84.4
4,57,No,7,1,54.26
4,97,Yes,4,7,83.09
1,59,No,5,5,48.98
7,97,Yes,4,3,89.88
9,87,Yes,7,3,90.22
3,64,No,9,6,66.32
2,96,Yes,8,2,83.55
3,77,No,8,2,67.55
1,52,No,5,5,48.42
6,43,No,6,8,61.14
7,94,No,4,0,81.95
2,53,Yes,5,4,51.27
8,72,Yes,6,0,76.48
6,67,No,4,0,58.63
4,91,Yes,7,2,78.54
5,76,Yes,8,2,73.89
8,47,No,6,3,64.68
3,83,Yes,4,2,66.67
3,73,No,5,5,62.15
4,83,Yes,4,3,69.71
1,44,Yes,5,7,47.52
9,93,No,8,0,90.59
8,44,Yes,8,7,70.57
8,70,Yes,4,0,72.34
6,84,No,4,0,68.64
7,48,Yes,5,6,61.19
6,81,No,5,0,73.83
9,71,Yes,6,8,84.69
3,72,No,6,7,69.08
3,42,No,6,0,41.4
3,69,No,4,1,53.96
3,89,No,9,1,74.79
9,51,No,9,1,65.66
4,68,Yes,9,5,71.17
7,42,Yes,9,3,62.6
9,65,No,6,7,78.52
7,96,Yes,4,0,80.92
9,69,No,9,9,86.37
3,48,Yes,8,3,53.13
4,65,Yes,7,9,70.2
8,41,No,8,4,60.87
6,42,No,4,8,53.1
5,85,Yes,4,4,79.26
4,43,Yes,7,2,53.68
8,64,No,5,3,71.26
1,90,Yes,5,9,75.01
9,52,Yes,5,6,68.28
1,78,No,6,0,58.46
8,83,Yes,5,5,85.0
4,74,No,6,7,69.18
9,94,No,6,0,85.55
5,62,No,5,7,64.12
3,48,Yes,5,6,51.99
9,41,Yes,7,0,61.98
9,93,No,9,8,100.0
4,80,No,7,2,72.7
4,83,Yes,6,1,70.28
8,70,Yes,7,6,82.3
2,83,Yes,6,2,67.35
9,86,No,4,0,77.66
6,41,No,6,9,56.74
9,71,Yes,6,2,81.24
8,57,Yes,7,5,71.96
7,52,Yes,9,2,70.33
1,85,No,4,4,64.6
3,44,No,8,8,53.11
2,97,Yes,8,6,86.52
5,81,Yes,9,1,79.49
5,83,No,8,0,72.43
5,49,No,4,6,57.62
4,95,Yes,5,3,81.02
5,82,Yes,4,6,76.74
3,64,Yes,7,5,62.69
1,73,No,6,6,63.66
5,76,Yes,6,3,74.13
9,69,No,7,2,77.66
9,46,No,7,4,63.58
4,45,Yes,6,2,52.67
3,93,Yes,9,2,83.62
1,94,No,5,3,68.06
2,42,Yes,5,7,44.87
8,52,No,5,1,60.86
1,42,Yes,7,3,41.05
8,65,Yes,6,2,73.3
7,96,Yes,9,6,96.71
8,63,Yes,6,1,73.24
6,92,No,6,0,78.41
9,45,No,9,9,74.21
3,82,No,4,0,61.67
4,99,Yes,9,5,92.9
6,97,No,4,2,85.32
8,88,No,8,6,88.66
5,81,No,4,7,74.68
3,51,Yes,5,4,58.1
6,88,No,5,4,79.43
4,75,Yes,9,1,72.62
9,41,Yes,5,7,66.18
3,50,No,5,9,54.08
4,78,Yes,8,0,68.39
7,73,No,5,9,80.06
7,65,No,7,8,70.99
4,57,No,7,0,53.87
6,60,No,7,0,63.91
3,75,No,4,0,57.79
6,79,Yes,9,6,83.51
2,91,No,9,3,77.86
8,85,Yes,6,6,87.3
2,83,No,8,4,68.36
7,61,No,7,6,71.15
9,92,No,7,9,96.83
1,98,Yes,5,6,75.31
8,69,Yes,7,3,79.17
7,89,Yes,5,1,83.33
6,82,Yes,5,7,80.98
6,99,No,6,1,83.82
6,69,No,4,8,71.34
9,47,Yes,5,4,67.58
2,73,Yes,5,8,66.73
1,96,Yes,9,8,85.91
6,86,No,6,7,83.73
8,48,Yes,5,7,68.06
3,90,Yes,8,3,79.58
1,59,No,4,3,45.08
9,79,Yes,8,1,84.98
1,64,No,7,3,55.09
3,58,No,4,3,54.94
8,44,No,7,5,60.93
3,50,No,9,2,54.61
4,54,No,5,1,50.24
8,47,Yes,6,7,67.42
1,58,Yes,8,1,56.33
6,62,No,7,7,71.23
1,66,No,5,6,53.12
1,79,Yes,8,2,65.76
8,71,Yes,8,5,85.11
4,65,No,9,5,67.78
1,66,Yes,9,9,65.3
7,58,Yes,7,4,68.16
5,89,No,5,7,81.81
5,81,Yes,6,4,79.09
1,68,Yes,7,6,62.84
6,78,Yes,8,5,86.75
9,99,Yes,8,6,100.0
9,80,No,4,8,84.01
8,72,Yes,5,2,74.07
5,58,No,4,9,60.35
1,76,Yes,9,6,71.27
9,58,No,6,9,74.32
1,72,No,7,2,61.55
8,86,Yes,8,1,90.53
5,55,No,5,6,60.27
3,62,No,8,3,57.34
7,46,No,9,0,57.26
7,65,No,4,5,70.01
9,71,No,4,5,74.97
7,51,Yes,7,5,68.84
3,47,No,5,1,45.15
1,44,No,9,0,42.5
8,81,Yes,5,2,79.69
3,67,Yes,7,1,62.01
8,92,No,9,5,94.08
8,44,Yes,9,5,69.97
5,88,Yes,4,4,76.53
1,65,Yes,4,9,58.97
7,44,Yes,4,9,61.99
5,61,Yes,8,4,69.43
8,54,Yes,6,8,70.58
9,52,No,4,4,61.07
7,67,No,6,9,77.05
7,72,Yes,6,5,74.66
1,82,Yes,5,3,67.77
4,62,No,7,9,66.39
2,72,Yes,8,0,60.1
2,82,No,6,3,65.24
2,57,Yes,8,1,55.96
4,89,No,5,9,78.83
1,92,No,4,2,65.74
4,69,Yes,9,6,75.38
2,65,Yes,6,6,61.6
5,55,Yes,7,0,57.13
3,52,Yes,9,7,61.6
8,78,No,5,6,83.13
4,72,Yes,8,0,71.57
1,65,No,4,7,50.46
1,87,Yes,8,1,72.88
3,40,No,7,7,49.5
9,88,Yes,6,2,91.15
7,77,Yes,7,9,85.1
2,41,No,8,6,44.06
9,88,Yes,8,5,96.47
2,45,Yes,9,4,50.62
3,85,Yes,7,9,78.22
2,89,Yes,7,1,70.26
3,77,Yes,7,1,69.4
6,81,No,4,0,69.88
9,63,Yes,8,8,84.86
9,57,No,5,7,72.54
7,66,Yes,4,7,72.26
3,80,Yes,4,0,64.36
4,47,No,4,4,47.18
6,67,No,9,5,73.28
5,49,No,5,1,48.47
2,56,No,7,9,58.88
6,94,No,9,4,91.05
3,68,Yes,8,5,66.67
8,97,No,6,8,97.76
2,45,No,9,9,54.73
1,53,Yes,6,0,46.78
9,61,Yes,8,9,79.7
3,93,No,5,2,69.19
1,45,No,6,8,46.79
7,65,No,4,0,64.08
5,78,Yes,9,0,74.46
5,51,No,6,0,55.44
1,74,Yes,8,6,69.37
9,53,Yes,4,4,65.48
7,61,Yes,6,5,71.16
8,90,Yes,8,7,100.0
9,62,No,5,1,65.71
6,87,Yes,8,1,84.26
5,46,Yes,5,2,51.95
6,79,No,4,2,71.81
2,89,Yes,8,2,77.93
4,64,No,7,3,61.13
3,52,Yes,9,2,59.44
7,60,No,7,1,69.44
9,80,Yes,7,8,92.13
5,49,Yes,7,5,61.97
6,92,No,9,2,84.52
2,94,Yes,7,8,82.94
3,98,Yes,5,3,79.45
3,48,No,8,3,52.89
9,54,Yes,4,7,73.31
7,91,Yes,7,6,91.38
8,41,No,7,6,64.17
9,64,No,4,9,78.96
6,52,No,4,6,59.89
4,73,No,7,9,72.27
1,90,No,5,4,66.78
8,97,Yes,4,6,91.58
7,73,No,8,3,78.2
2,74,Yes,8,7,68.98
8,77,No,5,8,83.05
5,42,Yes,9,2,54.04
7,81,Yes,6,6,85.75
4,95,No,5,9,83.53
5,98,Yes,7,8,95.47
8,45,Yes,6,0,61.28
1,94,No,7,1,73.27
1,87,No,8,6,75.62
4,88,No,4,1,70.09
3,58,No,7,6,56.48
2,42,Yes,8,0,43.09
3,57,Yes,5,2,50.03
1,78,Yes,7,4,64.63
1,48,Yes,8,5,51.44
6,91,Yes,4,8,85.48
5,51,Yes,7,8,64.24
8,44,No,9,2,62.89
2,42,Yes,8,7,51.59
4,50,Yes,7,3,54.26
8,96,Yes,4,6,92.49
6,69,No,7,5,70.1
1,43,No,7,7,45.26
4,44,No,9,5,57.59
1,40,No,8,3,40.96
2,66,Yes,6,1,61.14
5,67,Yes,7,6,75.06
8,68,Yes,6,3,74.64
8,57,No,5,8,67.48
3,51,Yes,7,8,59.49
4,52,Yes,6,6,61.51
6,80,Yes,5,4,76.52
3,41,No,9,2,49.42
2,76,No,8,2,67.02
6,84,No,7,8,82.35
5,55,Yes,8,8,67.15
5,87,Yes,5,3,79.63
5,63,Yes,8,0,65.6
5,74,Yes,8,9,79.53
3,61,No,4,4,53.4
7,75,Yes,5,7,79.86
6,50,No,8,9,62.87
4,94,Yes,6,3,82.93
2,97,No,5,9,78.74
9,85,Yes,4,9,85.93
1,68,Yes,7,3,59.75
4,74,No,9,8,74.42
1,87,No,8,8,78.08
6,93,Yes,6,6,87.63
4,54,Yes,4,9,58.2
5,99,Yes,5,7,90.42
5,70,No,9,3,69.68
9,81,Yes,9,7,93.04
1,80,No,8,5,68.52
2,82,Yes,4,2,63.12
6,55,Yes,4,6,60.09
5,49,Yes,6,2,59.35
7,88,Yes,7,6,90.96
3,71,No,7,4,64.07
3,90,No,7,3,74.99
2,41,Yes,9,2,49.11
3,63,Yes,9,7,70.75
1,62,Yes,5,3,51.69
5,41,No,9,7,58.33
5,77,Yes,9,9,83.19
7,70,No,4,2,67.12
4,90,No,5,9,80.82
3,79,No,4,8,68.89
1,65,No,6,5,56.97
8,68,Yes,6,4,77.77
3,42,Yes,5,4,44.18
2,97,No,5,2,69.98
4,53,Yes,9,1,58.56
3,64,Yes,6,5,66.56
1,87,Yes,8,0,68.0
3,40,No,7,6,47.58
2,92,Yes,9,4,79.63
8,42,Yes,7,3,60.59
6,93,Yes,6,8,91.16
9,65,Yes,7,9,86.8
8,57,Yes,8,0,70.11
3,48,Yes,8,3,52.69
5,77,Yes,4,2,75.21
7,62,Yes,5,5,70.36
5,60,Yes,7,4,64.85
8,96,Yes,8,6,100.0
5,40,No,5,0,43.06
1,60,Yes,5,4,56.33
5,66,No,4,1,57.36
4,81,Yes,5,1,72.96
6,98,No,5,1,82.7
3,45,No,9,8,58.58
5,94,Yes,6,9,93.7
2,83,No,4,2,60.53
6,75,No,4,3,71.55
6,67,No,7,4,66.88
5,84,Yes,5,3,74.31
6,56,No,7,3,60.49
7,98,No,9,4,94.81
5,79,Yes,8,9,83.97
1,97,No,5,8,75.87
8,91,No,8,8,94.89
4,42,No,6,5,50.38
9,51,Yes,9,2,72.94
6,78,No,5,5,76.49
1,51,Yes,7,9,59.24
3,41,No,7,3,45.56
3,95,No,5,2,72.96
4,85,No,7,5,77.73
6,61,No,5,5,61.81
7,62,Yes,4,1,63.34
4,69,No,7,8,71.9
6,44,Yes,5,7,58.65
1,48,No,5,5,41.38
8,60,Yes,7,0,66.52
7,50,No,4,1,54.6
9,44,No,7,3,64.68
3,74,Yes,5,6,70.66
2,66,Yes,4,8,61.82
1,88,Yes,8,9,83.32
3,41,Yes,6,4,47.89
5,63,No,7,9,69.52
2,70,Yes,9,1,59.37
3,72,Yes,5,0,60.31
4,78,Yes,4,9,76.5
7,69,No,4,0,68.03
3,85,No,8,4,72.84
9,76,No,7,6,85.52
8,90,No,9,8,97.59
4,67,Yes,4,8,67.22
1,99,No,8,7,76.33
1,70,Yes,5,0,55.49
1,50,No,8,4,50.02
1,62,Yes,7,5,56.31
8,96,Yes,8,5,97.09
3,41,Yes,4,3,41.79
6,79,Yes,4,0,66.26
3,80,Yes,6,2,71.55
5,66,No,8,9,73.09
7,74,Yes,5,3,78.6
2,41,Yes,9,3,50.81
6,78,Yes,9,3,80.59
6,76,Yes,7,4,77.93
3,60,No,6,8,61.63
6,97,No,8,3,90.13
5,44,Yes,5,8,58.05
2,91,Yes,6,8,81.81
9,84,Yes,4,0,81.31
8,60,Yes,7,4,71.51
3,68,No,8,8,68.17
8,59,No,9,3,72.31
9,77,Yes,5,4,80.8
3,59,Yes,4,3,52.23
3,89,Yes,6,1,74.79
2,64,Yes,7,9,65.09
8,41,Yes,6,1,57.27
1,96,No,9,1,73.88
8,71,No,6,0,74.64
7,65,Yes,5,2,71.52
7,45,No,4,9,57.03
3,80,No,8,0,66.43
1,96,No,5,3,72.3
4,42,Yes,9,0,52.9
9,72,No,7,3,79.12
5,40,No,9,2,49.72
1,90,Yes,9,8,79.63
5,44,No,6,0,46.87
8,52,Yes,7,7,72.25
8,58,No,5,8,73.71
5,51,Yes,9,6,64.23
9,87,Yes,5,0,83.15
1,64,No,8,3,55.68
4,96,No,6,9,87.66
3,90,Yes,5,0,69.11
2,74,Yes,7,3,68.81
8,51,No,9,2,65.76
7,69,No,8,1,70.43
9,44,No,7,0,56.2
2,73,No,6,5,64.21
4,61,Yes,8,6,67.26
6,78,Yes,8,5,82.14
3,52,Yes,8,8,59.9
8,96,No,9,8,98.46
3,86,No,4,1,65.13
2,93,Yes,8,1,76.6
3,42,Yes,7,8,52.86
6,99,Yes,7,0,84.83
2,92,Yes,6,4,81.66
8,59,Yes,5,0,63.17
1,70,Yes,5,6,61.36
7,44,No,4,8,54.36
2,63,Yes,9,5,60.31
6,79,Yes,9,1,80.1
2,93,Yes,8,5,81.15
2,72,Yes,4,8,67.72
8,47,Yes,6,2,63.0
2,63,Yes,6,8,62.5
7,89,Yes,5,7,86.5
3,59,No,6,6,60.9
8,99,Yes,8,7,100.0
7,55,No,7,9,67.51
8,89,No,6,5,87.48
7,91,No,4,2,80.39
6,51,Yes,8,6,65.91
7,52,Yes,6,3,65.24
5,84,Yes,9,9,90.06
7,81,Yes,6,4,81.72
1,78,Yes,9,7,72.24
1,64,Yes,8,6,64.9
9,85,Yes,6,6,93.37
5,71,Yes,9,7,78.74
5,63,Yes,7,9,69.54
3,87,Yes,5,2,72.89
5,86,No,8,2,79.5
3,83,Yes,9,1,69.29
9,48,Yes,4,0,60.8
9,79,Yes,6,9,90.07
6,89,No,9,5,86.46
1,62,Yes,9,5,59.39
7,89,Yes,9,9,96.1
7,52,No,5,7,65.98
4,99,Yes,4,5,82.51
8,98,No,4,5,91.73
6,71,No,7,0,66.49
4,89,No,5,6,78.42
4,54,No,9,6,61.9
2,75,Yes,8,9,74.7
2,88,No,5,8,73.31
4,44,No,5,6,51.18
5,61,Yes,4,7,59.96
8,55,Yes,7,3,66.66
6,80,Yes,7,8,85.33
4,49,No,5,0,42.81
7,63,Yes,5,7,71.74
8,57,No,6,2,65.09
2,88,No,9,0,69.64
7,57,Yes,4,1,60.32
2,46,Yes,9,5,54.64
2,43,Yes,8,4,51.82
8,65,Yes,8,2,74.08
2,44,Yes,7,8,51.75
9,99,Yes,4,7,96.44
1,94,No,9,2,69.56
9,55,No,7,1,67.28
1,74,Yes,8,7,70.77
2,65,No,5,4,57.53
6,57,No,4,8,61.46
6,68,No,4,0,59.3
1,62,No,9,9,62.24
7,92,No,6,2,85.36
8,53,No,9,4,69.61
2,54,Yes,5,1,49.48
8,88,Yes,5,2,87.58
9,72,Yes,7,3,80.72
6,64,No,4,3,61.96
5,60,Yes,7,8,73.27
9,56,Yes,5,0,66.21
9,62,Yes,6,8,77.17
1,96,No,4,8,72.76
3,82,Yes,5,5,70.32
9,56,No,6,0,65.81
2,97,Yes,9,5,82.91
4,53,Yes,8,7,64.34
4,68,Yes,5,4,63.83
2,59,No,8,4,52.15
3,69,No,7,0,60.01
3,58,No,8,0,54.6
1,92,No,5,7,73.24
6,78,No,8,4,76.45
8,95,Yes,4,7,91.44
3,52,Yes,5,9,59.0
5,57,No,6,1,59.74
1,62,No,8,3,54.72
7,85,Yes,4,9,87.35
1,72,No,7,8,63.56
9,78,Yes,7,2,81.71
8,79,No,8,5,86.33
7,57,Yes,7,6,73.02
7,48,No,6,2,58.72
5,72,No,5,0,62.84
5,71,Yes,4,1,66.29
5,93,Yes,9,9,95.59
1,56,No,8,6,57.34
8,58,No,7,6,73.28
1,66,Yes,5,0,52.73
4,45,No,9,9,56.88
9,74,Yes,6,6,85.21
9,95,Yes,7,9,100.0
5,76,No,7,5,75.02
4,73,Yes,4,5,70.51
3,59,Yes,6,6,60.71
3,64,No,6,6,65.1
5,43,Yes,8,0,49.78
1,49,Yes,9,9,58.24
5,49,Yes,4,4,53.3
6,63,Yes,8,7,70.99
7,60,No,4,7,66.1
9,50,Yes,6,2,63.59
3,66,No,4,2,54.78
2,55,Yes,4,6,53.07
3,65,No,4,3,57.74
9,69,Yes,5,5,76.38
7,88,No,5,8,87.62
9,55,Yes,9,9,81.2
2,46,Yes,9,1,52.16
5,55,Yes,6,1,57.64
4,74,Yes,4,5,65.74
2,97,No,6,2,71.77
9,55,No,5,0,60.42
9,79,Yes,4,1,80.86
6,51,No,8,6,66.55
6,74,Yes,5,3,71.77
8,88,Yes,5,1,85.56
6,60,No,5,7,62.45
1,89,No,4,3,65.26
4,82,No,9,3,77.04
7,75,Yes,7,1,74.1
2,87,Yes,8,0,71.79
9,56,No,8,0,69.53
8,71,Yes,6,2,70.73
8,80,No,4,5,81.67
7,45,No,9,6,64.71
4,63,No,5,8,64.73
2,66,No,7,4,58.27
3,59,No,4,8,53.45
6,64,No,4,7,67.47
5,41,Yes,9,0,53.43
8,48,Yes,7,2,64.36
6,67,No,5,7,71.88
6,92,No,4,8,85.72
1,77,No,8,3,67.54
4,42,Yes,8,5,55.51
5,59,No,7,3,60.02
3,45,No,5,8,49.62
9,78,No,7,1,81.63
1,72,Yes,4,5,61.73
6,94,No,8,2,82.47
6,40,Yes,6,9,60.02
5,76,Yes,7,3,77.82
5,45,No,6,1,49.02
5,84,Yes,6,7,83.76
6,73,Yes,9,9,85.29
8,86,Yes,8,7,95.51
2,54,No,7,0,46.28
6,84,Yes,6,9,84.79
1,65,No,4,5,52.54
4,96,No,9,0,78.04
3,53,No,5,5,51.26
9,97,Yes,9,6,100.0
3,93,No,5,1,75.37
6,46,Yes,8,8,66.41
1,85,Yes,7,7,75.25
6,97,Yes,7,8,97.03
4,70,Yes,5,9,69.57
8,63,No,4,3,66.47
9,98,No,5,3,96.65
4,70,Yes,5,7,69.34
6,68,No,7,0,68.53
1,81,No,6,7,69.03
4,71,No,4,6,61.64
7,56,Yes,7,6,71.22
1,53,No,9,8,56.09
8,79,Yes,5,9,87.56
6,75,No,6,6,73.49
5,97,Yes,4,1,78.47
9,87,Yes,8,0,88.75
2,63,Yes,4,0,51.6
5,84,No,4,6,77.27
6,93,Yes,5,4,88.93
7,66,No,5,3,70.39
5,64,Yes,8,4,71.62
9,98,No,8,9,100.0
1,71,Yes,8,9,68.28
7,91,No,7,5,88.02
7,57,Yes,7,9,72.94
4,85,Yes,5,5,77.65
9,57,Yes,5,0,68.64
5,76,No,8,1,72.17
4,65,Yes,7,2,66.55
7,48,Yes,6,3,59.49
4,99,Yes,7,5,89.77
3,74,Yes,5,8,69.01
9,47,No,7,1,60.32
8,59,Yes,5,7,73.96
1,93,Yes,8,8,83.73
7,81,No,8,1,80.08
9,61,No,8,8,79.14
8,58,No,6,6,70.42
8,69,Yes,6,8,81.67
6,92,No,5,5,80.45
4,67,No,4,1,54.71
8,74,No,9,7,84.74
3,82,Yes,6,9,77.86
9,50,Yes,5,8,71.02
2,70,Yes,7,7,68.85
2,88,No,8,1,70.37
7,87,Yes,8,7,92.83
4,78,No,8,2,70.51
8,75,No,5,2,78.15
9,69,No,8,8,84.06
7,62,Yes,6,8,79.38
5,58,No,7,8,66.5
8,51,No,8,3,65.17
4,54,Yes,5,6,57.1
2,70,No,7,7,61.61
6,82,No,8,4,78.22
9,76,No,4,0,72.34
1,76,Yes,8,8,71.89
7,54,No,9,5,67.35
9,68,Yes,6,2,77.67
9,89,Yes,7,2,93.96
3,82,No,6,9,74.52
5,65,No,4,0,61.66
8,83,No,4,7,80.45
8,41,No,9,1,58.8
4,59,Yes,6,0,56.32
1,54,Yes,7,6,56.27
1,91,No,4,8,66.62
4,43,Yes,4,5,46.91
6,61,No,8,7,70.39
8,89,No,9,7,97.0
6,77,No,5,8,77.15
9,62,No,4,6,69.0
9,98,Yes,7,8,100.0
2,65,Yes,7,8,68.85
1,90,No,8,0,67.26
2,50,No,7,5,48.61
5,67,Yes,8,7,77.65
4,95,Yes,4,9,87.02
4,41,Yes,4,8,54.15
9,98,No,4,3,88.4
8,47,Yes,4,1,55.15
6,68,No,5,8,71.57
1,50,No,9,8,54.67
2,76,Yes,9,7,74.83
6,57,No,5,2,61.66
2,94,Yes,4,4,70.93
5,89,No,7,1,79.12
5,53,No,8,2,56.11
6,93,No,9,0,86.01
6,49,No,6,3,55.45
6,74,No,8,4,73.77
2,48,No,6,1,42.58
3,74,Yes,6,2,63.01
6,50,Yes,4,5,59.08
8,83,No,6,5,82.25
1,51,Yes,4,6,49.67
1,42,No,5,8,44.48
2,92,Yes,7,3,80.08
6,78,Yes,6,4,78.53
9,53,No,7,1,66.84
4,95,Yes,4,5,83.8
3,67,No,6,3,58.44
8,50,Yes,8,4,66.02
9,78,No,5,6,83.2
5,64,Yes,9,5,69.55
9,60,No,5,7,77.91
2,49,Yes,6,5,54.31
3,82,No,5,9,77.53
7,54,Yes,9,7,73.52
7,58,No,8,3,68.4
6,87,Yes,7,6,85.78
6,61,No,8,2,67.37
2,60,Yes,5,0,49.07
6,99,No,9,8,90.81
4,91,No,7,8,81.52
3,83,No,9,5,72.89
2,71,No,8,1,63.56
1,89,Yes,4,7,75.53
5,62,Yes,4,9,64.89
2,52,Yes,7,5,57.28
2,44,No,7,6,49.8
7,43,No,7,0,50.66
8,67,No,4,2,67.42
8,53,No,8,0,62.64
4,47,No,7,9,59.2
1,48,Yes,4,0,37.84
7,96,Yes,7,0,88.4
1,90,Yes,7,3,71.63
4,74,No,9,6,74.85
8,76,No,7,6,81.67
2,60,No,4,4,49.93
6,97,No,8,5,89.77
6,57,No,4,1,60.27
9,72,No,4,4,74.87
5,47,No,7,6,55.12
4,90,Yes,9,8,89.67
5,88,Yes,6,5,82.01
5,56,No,6,9,61.27
8,82,No,6,3,85.66
8,70,No,4,2,69.3
2,73,Yes,7,8,69.54
7,45,Yes,6,6,62.82
8,61,No,5,5,72.56
6,53,Yes,5,6,59.94
5,42,Yes,5,7,55.75
9,51,Yes,8,4,76.27
3,75,No,7,2,65.26
4,51,Yes,4,2,49.13
9,84,Yes,4,1,81.66
6,41,No,7,7,57.51
8,41,No,9,0,60.76
7,54,Yes,9,7,72.72
2,62,No,8,2,57.85
3,68,Yes,7,8,66.93
1,56,Yes,9,1,50.71
9,71,No,8,9,85.13
7,46,No,6,8,64.98
1,69,Yes,6,5,61.04
3,67,No,8,0,60.28
4,53,No,7,4,56.86
4,83,Yes,6,9,83.02
5,69,Yes,7,8,74.18
3,56,Yes,9,5,63.98
3,71,Yes,6,6,66.44
1,85,Yes,9,3,76.97
7,45,Yes,7,0,56.4
1,90,No,7,4,69.24
2,63,No,5,1,52.4
4,45,Yes,8,7,59.16
4,66,No,4,3,59.25
5,57,No,8,0,59.15
2,63,Yes,7,9,63.12
4,76,No,7,6,75.33
1,95,No,8,1,74.29
2,63,Yes,7,2,61.02
1,77,No,9,8,69.14
4,73,No,6,8,71.63
4,79,Yes,7,1,72.29
7,86,No,8,2,85.36
9,54,No,8,8,77.22
9,50,No,8,0,64.89
5,61,Yes,5,1,57.56
1,93,Yes,9,1,79.36
1,63,No,9,9,63.91
6,40,No,5,2,47.28
2,57,Yes,9,9,65.51
8,83,Yes,5,2,79.28
9,51,No,9,9,77.71
4,96,Yes,5,1,76.16
5,82,No,5,7,75.76
8,67,No,9,7,81.19
3,79,Yes,5,7,74.48
5,99,Yes,9,1,89.61
3,46,No,5,8,51.87
3,62,No,8,6,62.64
3,60,Yes,4,4,56.44
7,73,No,9,6,80.97
7,50,Yes,5,7,64.62
7,61,Yes,8,8,73.73
8,81,Yes,4,1,77.06
5,74,Yes,5,5,72.89
5,91,Yes,4,8,83.6
4,68,No,9,5,68.99
7,81,Yes,4,1,75.45
4,67,Yes,6,0,60.47
2,98,Yes,7,2,78.31
4,57,Yes,6,4,59.59
8,53,Yes,9,6,74.31
9,57,Yes,9,9,82.99
3,67,Yes,4,9,65.34
7,63,No,8,2,67.24
9,47,No,5,8,63.4
4,81,No,7,9,83.29
3,93,No,5,3,71.54
5,84,Yes,8,9,85.86
1,92,No,9,1,73.23
3,47,Yes,7,2,51.92
8,43,No,6,4,59.84
8,66,No,9,2,74.21
4,75,Yes,9,4,75.98
2,44,Yes,4,3,43.52
8,72,No,8,9,83.58
8,88,No,4,2,81.29
4,73,No,4,5,66.91
3,69,No,5,7,63.36
2,47,Yes,9,3,52.67
9,78,No,8,8,91.44
1,86,No,4,5,67.02
7,65,No,6,4,72.67
5,96,No,7,2,79.09
8,76,No,8,4,83.41
4,73,Yes,5,4,69.5
7,46,Yes,8,3,61.33
5,79,Yes,9,5,81.9
5,67,Yes,5,2,67.3
9,78,Yes,7,9,90.14
9,78,No,6,0,79.19
9,67,Yes,4,6,79.44
6,53,Yes,8,6,65.66
6,92,No,5,3,80.42
5,89,Yes,7,8,88.0
9,77,Yes,4,1,77.11
8,43,Yes,7,0,57.54
7,81,Yes,6,2,79.83
7,57,No,4,6,65.3
6,83,No,4,8,80.09
5,87,Yes,4,1,72.98
4,64,No,5,5,62.2
3,46,Yes,4,2,44.43
3,77,No,7,4,64.98
6,67,No,5,8,69.97
4,44,No,4,2,46.65
6,42,No,7,0,52.01
3,83,No,7,4,71.8
4,70,No,8,0,63.17
9,86,No,7,7,90.82
5,81,No,9,6,80.82
7,97,No,6,1,83.56
2,59,No,4,8,53.7
5,58,No,4,4,56.87
9,87,Yes,4,6,87.0
3,99,No,7,3,78.72
9,50,Yes,7,0,66.82
6,79,No,4,7,75.42
4,42,Yes,9,0,51.08
7,62,Yes,5,2,65.38
8,46,Yes,5,5,66.25
6,62,No,6,7,66.52
5,46,No,8,7,59.6
6,85,No,6,1,75.02
5,73,No,4,8,70.37
8,81,Yes,4,3,81.52
1,58,No,4,3,43.56
7,97,No,8,1,88.69
2,48,No,7,0,46.68
9,87,No,8,9,99.22
1,90,No,6,6,71.24
6,57,No,7,9,68.78
9,80,No,7,2,87.42
1,87,No,6,3,68.97
4,84,Yes,7,8,80.67
4,81,Yes,5,5,72.86
9,64,No,6,0,71.81
5,91,No,6,8,82.08
5,53,No,5,8,61.98
6,83,No,8,4,81.47
1,64,Yes,8,7,63.94
1,58,Yes,8,6,57.79
9,78,No,7,7,85.54
3,94,Yes,5,8,85.32
4,54,Yes,6,1,54.91
1,55,No,6,9,52.68
9,66,No,6,4,74.94
8,79,No,7,7,85.29
2,49,Yes,7,2,47.84
8,43,Yes,9,5,66.17
7,90,No,8,5,87.26
6,58,No,9,6,70.99
1,67,Yes,9,2,59.43
7,60,Yes,7,7,70.49
7,98,No,8,7,91.37
9,86,Yes,8,8,94.16
1,53,No,6,7,53.02
2,72,No,7,2,60.73
9,87,Yes,8,5,95.7
9,49,Yes,9,8,77.47
6,58,Yes,5,0,60.41
6,69,No,5,2,65.75
4,61,No,7,1,60.19
4,42,No,6,7,51.49
5,76,No,6,5,74.9
3,80,No,8,9,77.74
1,57,No,7,7,52.96
1,50,Yes,5,1,43.01
7,87,No,9,5,86.75
1,41,No,8,6,47.54
1,51,No,9,7,52.79
3,93,No,8,8,81.7
4,45,Yes,4,4,50.64
4,82,No,9,2,74.51
2,98,Yes,7,1,78.89
1,79,Yes,9,7,77.18
3,83,No,9,0,72.63
4,68,No,8,9,71.85
3,98,Yes,5,5,78.98
8,69,Yes,4,1,70.4
1,41,No,9,2,44.02
2,48,Yes,5,7,48.96
7,86,No,6,0,82.38
4,41,No,4,5,45.63
8,68,Yes,4,2,71.9
3,72,No,8,5,66.37
6,49,No,9,2,60.89
9,73,No,6,7,79.98
1,83,Yes,8,4,75.63
1,94,Yes,7,3,78.03
8,47,Yes,5,8,68.67
3,76,No,5,4,61.82
5,93,Yes,8,3,86.71
1,99,Yes,5,7,81.82
5,72,Yes,9,7,80.39
6,86,No,5,7,79.1
8,45,No,9,3,62.2
3,83,Yes,7,0,69.9
3,79,Yes,6,1,66.69
9,84,Yes,4,3,87.96
4,58,No,8,9,61.96
4,71,Yes,8,1,69.91
7,66,No,9,9,77.02
2,40,No,7,2,39.58
8,82,No,7,8,83.68
6,91,Yes,4,8,85.5
3,72,Yes,6,8,73.72
9,79,No,8,6,88.43
5,71,No,9,3,69.2
8,44,No,7,0,58.93
7,56,No,8,2,67.56
8,47,Yes,9,7,71.91
7,96,Yes,5,3,92.67
3,81,No,8,9,78.74
2,73,No,6,9,68.17
7,48,No,9,1,59.19
3,95,Yes,6,7,84.75
3,62,No,8,6,63.13
2,74,Yes,5,9,69.94
4,89,No,6,8,79.03
8,46,Yes,7,1,62.36
1,54,Yes,9,4,53.77
1,92,No,8,5,70.41
5,93,Yes,5,1,81.8
5,59,Yes,7,1,59.4
1,89,Yes,8,9,80.11
6,64,Yes,5,3,67.57
1,42,No,7,7,45.85
5,99,No,6,4,84.33
9,94,No,8,8,99.44
5,85,No,8,3,79.44
6,63,No,6,2,65.27
8,73,Yes,4,9,85.27
1,85,Yes,7,7,74.47
2,61,Yes,6,0,53.73
9,50,Yes,8,8,73.69
3,87,No,7,3,74.07
6,47,No,7,8,63.03
5,78,Yes,4,7,74.92
2,82,No,8,2,69.29
7,74,Yes,5,2,73.81
4,88,Yes,4,8,81.14
1,85,No,4,2,63.33
4,77,No,5,3,68.5
6,47,No,5,8,58.94
7,93,No,4,3,80.22
7,76,No,7,2,74.38
7,66,No,6,6,73.29
3,67,No,6,5,66.6
6,79,Yes,4,0,70.72
8,73,No,7,9,84.21
4,71,Yes,5,7,68.99
8,54,Yes,9,0,66.95
2,83,No,4,3,62.45
9,56,Yes,8,5,71.94
9,72,No,7,5,83.91
8,86,Yes,8,6,88.14
1,85,Yes,8,4,71.97
2,91,Yes,4,4,70.24
6,93,No,7,3,82.53
5,55,Yes,8,5,68.25
9,68,Yes,7,6,83.2
5,48,Yes,6,9,60.37
2,72,No,9,9,69.52
4,99,Yes,8,0,82.87
9,88,No,8,8,95.21
1,68,Yes,7,7,64.15
1,52,Yes,9,6,59.99
7,60,Yes,6,8,69.67
3,97,No,8,2,79.63
2,60,Yes,4,9,58.37
9,44,Yes,7,3,67.29
3,49,Yes,7,6,57.11
2,45,Yes,8,5,53.18
8,95,No,6,1,87.69
6,90,Yes,8,1,83.14
6,96,Yes,5,9,94.52
7,52,Yes,8,6,71.3
7,40,Yes,9,8,67.83
6,59,No,9,8,74.43
4,96,Yes,5,6,84.94
9,86,Yes,9,7,100.0
6,85,No,9,9,89.26
4,47,Yes,4,2,48.76
3,49,Yes,7,0,50.39
4,48,Yes,9,6,61.25
3,88,No,7,7,76.76
2,80,Yes,6,1,69.26
5,42,No,8,8,58.29
2,50,No,4,3,44.19
6,51,No,5,9,62.88
3,49,No,6,8,59.86
6,64,No,4,2,59.14
9,88,No,4,7,86.61
1,88,No,5,1,61.04
6,64,Yes,5,2,65.43
9,50,Yes,7,0,66.49
4,93,No,8,4,80.87
2,75,No,6,3,60.92
4,78,No,8,0,69.08
1,92,No,6,9,74.7
3,65,No,4,8,61.12
9,53,No,9,5,75.03
5,78,Yes,9,5,82.15
6,95,Yes,5,1,85.26
3,79,No,5,6,70.57
5,40,No,4,8,51.07
8,95,No,4,5,87.68
6,93,Yes,6,7,88.26
4,43,No,4,4,45.02
2,69,Yes,6,1,58.35
9,51,Yes,8,3,72.56
1,95,Yes,5,0,70.69
1,74,No,5,0,55.79
4,52,No,9,5,57.38
7,91,Yes,9,1,92.46
1,70,Yes,5,5,59.15
9,77,Yes,8,0,81.5
4,82,Yes,8,9,82.32
3,62,No,7,2,62.17
1,43,Yes,6,8,47.52
4,91,No,9,1,78.45
9,55,Yes,6,7,74.12
6,46,No,9,5,60.8
6,61,Yes,7,5,68.54
1,68,No,5,6,57.09
2,50,No,6,4,50.15
6,95,No,9,3,89.13
2,72,Yes,6,5,62.98
3,97,No,5,7,79.51
4,68,Yes,4,3,61.7
5,98,No,9,4,88.91
9,78,No,4,6,83.96
4,51,Yes,7,5,58.8
9,46,No,8,3,64.92
3,98,No,6,3,81.86
8,94,Yes,9,9,100.0
1,78,No,6,3,62.45
9,81,No,7,0,85.52
9,87,No,7,4,90.18
2,65,No,6,7,56.03
4,79,Yes,9,6,81.57
8,48,No,5,4,57.12
7,80,No,5,2,75.9
1,73,No,8,0,54.87
5,84,No,6,6,76.97
7,52,No,6,2,58.97
4,94,No,9,3,81.36
1,94,No,6,4,71.2
9,75,No,9,7,90.07
5,64,Yes,6,6,67.47
2,63,Yes,7,8,65.39
8,83,Yes,4,2,78.87
2,56,Yes,6,9,59.22
3,41,No,4,0,38.75
1,52,No,5,0,39.21
2,70,Yes,8,9,68.38
7,68,Yes,5,0,69.78
2,89,Yes,6,1,73.65
6,67,No,9,1,69.54
3,99,No,5,6,79.49
4,66,Yes,7,8,71.41
8,54,Yes,4,7,68.51
3,70,Yes,9,3,69.49
6,79,Yes,9,1,74.84
1,54,Yes,6,2,46.76
7,72,No,7,9,78.51
8,59,Yes,4,4,68.7
8,81,No,7,8,87.47
3,51,Yes,5,7,56.87
1,76,Yes,6,2,62.62
9,48,No,9,8,70.2
6,62,Yes,9,9,80.59
9,47,No,5,2,62.74
7,71,No,9,9,80.08
1,87,Yes,8,7,77.37
1,53,Yes,6,0,45.11
6,66,No,5,3,65.38
5,64,No,6,3,65.01
9,52,Yes,4,5,71.96
2,94,No,6,1,72.9
8,60,Yes,6,6,74.59
5,84,No,4,4,72.22
2,70,Yes,5,9,66.86
6,76,No,6,5,77.32
8,87,No,7,5,87.61
4,97,Yes,6,5,83.43
2,82,No,5,9,67.46
5,93,No,9,7,89.83
2,44,No,4,9,46.89
2,52,No,9,3,51.41
6,67,No,5,9,73.75
9,82,No,8,7,89.86
4,64,No,9,8,69.63
6,90,Yes,6,3,83.97
7,74,No,6,0,70.2
6,86,No,4,2,75.07
8,78,Yes,6,0,81.1
4,46,No,7,6,51.82
1,77,No,7,0,60.18
7,71,Yes,9,3,79.94
3,42,No,5,0,40.51
6,84,No,4,1,74.14
2,78,Yes,8,0,66.9
9,76,Yes,9,4,89.56
1,94,No,5,6,73.83
6,89,No,4,2,75.39
6,61,Yes,4,7,68.2
5,47,No,9,4,57.7
5,56,Yes,5,4,60.33
1,91,Yes,5,4,70.96
5,66,Yes,6,7,72.04
2,72,No,8,1,61.36
7,85,Yes,7,1,83.79
3,56,Yes,6,7,60.06
4,81,Yes,4,8,72.39
3,51,No,8,9,59.16
3,87,No,8,9,80.83
4,85,No,5,1,69.99
5,66,Yes,8,3,68.91
1,87,No,9,7,72.81
4,47,No,8,1,52.45
8,62,Yes,4,3,68.65
7,99,Yes,9,9,100.0
9,81,No,9,0,84.04
5,88,No,6,1,75.29
4,98,Yes,8,6,88.9
8,68,No,5,0,66.36
9,89,Yes,6,0,88.85
7,59,Yes,5,1,63.19
7,55,No,8,3,65.83
5,56,No,6,6,61.92
4,55,No,8,3,56.83
1,58,No,4,4,44.89
7,95,Yes,6,3,94.35
1,95,No,5,3,68.94
1,47,No,4,8,45.95
5,77,No,7,5,78.08
9,77,Yes,5,2,82.78
6,92,No,8,5,86.6
3,68,No,5,6,61.67
3,80,Yes,7,6,73.33
7,75,Yes,5,7,81.76
6,65,Yes,4,3,67.13
9,70,Yes,9,0,79.97
6,83,Yes,5,5,78.22
5,99,No,6,7,85.26
7,51,Yes,7,4,67.57
1,94,Yes,5,2,71.64
7,56,Yes,7,3,68.03
3,54,Yes,9,7,61.75
9,48,Yes,4,5,62.37
6,78,Yes,6,4,79.73
9,81,Yes,8,8,94.18
5,87,Yes,5,9,86.01
7,51,No,4,2,55.33
4,71,No,7,6,68.63
7,64,No,9,8,78.83
1,78,Yes,7,3,67.26
7,57,Yes,9,9,78.8
8,54,Yes,9,9,77.31
5,71,No,4,2,64.33
2,45,Yes,5,0,44.72
5,97,Yes,8,8,93.49
6,83,Yes,5,0,74.27
2,82,No,6,1,66.89
6,91,No,5,8,83.79
6,74,Yes,9,4,81.16
1,73,No,9,3,62.68
1,77,Yes,6,8,65.02
3,95,Yes,7,8,88.26
3,93,No,9,1,72.28
4,96,No,6,2,74.63
2,44,No,9,2,47.95
9,57,No,8,4,73.75
7,55,Yes,9,2,67.72
7,47,Yes,4,9,64.0
6,64,No,6,5,62.34
3,71,No,5,1,60.01
6,65,Yes,6,5,71.5
8,91,Yes,7,5,93.01
8,61,Yes,9,1,74.14
9,70,Yes,6,5,82.49
1,82,No,8,5,68.64
1,49,No,6,5,42.15
3,95,No,8,4,84.89
3,96,Yes,9,6,90.0
8,51,Yes,5,4,62.53
1,92,No,9,0,70.51
2,67,No,7,8,63.23
2,45,No,4,2,42.16
3,98,Yes,5,1,73.48
6,59,No,5,9,65.9
1,44,Yes,4,5,39.38
2,62,No,6,7,57.63
1,48,No,9,1,44.85
5,97,No,6,3,82.86
7,98,Yes,6,1,88.09
8,68,Yes,9,8,83.8
1,55,Yes,7,9,59.24
7,93,Yes,5,1,85.71
5,85,Yes,8,9,88.6
1,61,Yes,4,1,48.75
3,47,No,5,4,46.06
7,98,Yes,6,4,92.06
1,59,No,4,6,50.9
7,90,Yes,8,0,82.15
5,53,No,5,1,53.59
1,78,No,5,5,62.42
1,76,Yes,7,1,62.72
1,89,No,5,3,66.1
9,73,Yes,5,9,80.67
3,50,Yes,8,5,56.62
5,93,Yes,8,6,92.88
9,79,Yes,4,9,87.93
6,72,No,6,4,70.59
9,70,Yes,8,7,86.53
8,98,No,4,5,90.51
8,93,No,5,4,88.62
1,83,No,4,3,60.84
9,73,Yes,4,5,81.15
6,89,No,4,5,82.75
9,46,Yes,9,5,73.61
3,97,No,4,0,76.38
3,88,Yes,8,5,78.99
6,93,Yes,9,0,90.65
9,62,Yes,6,4,74.12
7,85,Yes,4,6,84.21
3,95,No,7,0,76.46
3,46,No,5,0,41.58
2,93,Yes,5,5,76.48
9,64,No,9,6,82.22
3,42,Yes,5,5,46.78
5,98,Yes,5,4,89.14
9,77,No,9,5,84.43
8,59,Yes,5,2,71.78
2,73,Yes,4,8,67.8
3,88,Yes,6,4,76.12
2,83,Yes,9,1,71.49
8,83,Yes,7,9,91.29
6,69,No,9,9,78.63
6,56,No,8,6,66.5
9,98,No,7,2,96.31
8,49,Yes,8,0,68.34
4,74,Yes,9,2,73.3
4,59,Yes,8,8,66.71
9,57,Yes,7,4,73.11
1,84,Yes,4,6,67.53
2,83,Yes,9,2,71.24
2,66,No,9,3,58.74
6,98,Yes,5,0,88.49
4,98,No,9,2,84.91
3,88,Yes,9,6,81.13
3,75,No,4,3,63.13
3,62,Yes,5,1,53.84
6,71,No,6,4,68.41
8,49,No,8,4,63.79
7,50,Yes,7,1,65.31
4,77,Yes,6,5,72.69
4,45,No,5,9,48.62
2,98,Yes,4,3,78.22
1,80,Yes,7,0,63.39
9,86,Yes,8,2,87.4
2,73,No,9,8,69.67
8,75,Yes,9,9,91.54
9,76,No,6,6,83.91
4,56,No,8,5,64.2
8,79,Yes,5,0,76.19
9,79,No,8,8,89.99
5,93,Yes,4,8,83.9
7,51,Yes,6,0,57.02
4,60,No,6,5,61.77
1,79,No,4,6,62.83
3,58,No,8,1,55.87
5,42,No,4,9,53.55
3,57,No,7,7,57.83
7,92,Yes,4,7,86.69
9,90,No,8,5,93.58
6,58,Yes,4,8,69.12
1,86,Yes,5,2,69.82
7,45,No,9,1,60.59
3,55,No,4,1,47.56
5,47,No,9,5,59.74
4,87,No,4,6,74.22
5,57,No,8,5,61.65
5,91,Yes,7,2,82.65
6,87,Yes,7,4,82.03
6,82,Yes,9,7,87.45
8,78,No,8,5,87.07
8,88,No,8,1,87.45
9,88,Yes,8,6,94.45
8,51,No,5,7,64.96
2,84,No,6,3,65.73
1,49,No,4,0,37.77
2,46,Yes,8,1,50.68
2,85,No,8,3,72.31
3,94,Yes,8,6,89.87
7,40,No,7,1,55.38
2,88,No,8,5,75.21
1,75,Yes,4,1,58.85
6,60,No,8,6,68.6
9,76,No,4,1,72.84
3,91,No,5,2,74.21
6,63,Yes,6,8,74.82
3,94,No,7,3,76.92
1,64,No,4,4,51.45
5,46,No,9,8,64.08
4,81,No,5,6,73.79
7,56,No,6,7,64.17
6,68,Yes,6,2,70.29
7,69,Yes,6,3,73.56
5,46,No,4,6,54.33
4,72,No,5,3,65.76
7,46,Yes,8,1,63.74
7,97,No,9,9,95.96
6,63,No,5,5,63.73
8,50,No,5,8,67.73
4,48,No,5,1,46.12
5,51,No,4,0,46.06
4,74,No,9,7,75.97
1,43,No,4,0,33.21
8,75,No,9,0,82.08
1,67,Yes,9,2,61.79
5,96,Yes,4,4,83.42
6,52,No,9,8,66.96
6,62,No,5,9,71.88
5,58,No,4,1,55.02
3,81,No,9,0,68.78
5,76,Yes,6,0,68.51
8,78,Yes,4,7,82.65
2,63,Yes,7,9,63.34
6,55,Yes,4,9,68.06
9,72,No,4,9,77.08
8,51,No,4,1,57.32
8,73,No,9,8,86.52
8,46,Yes,4,8,65.28
7,50,No,7,1,57.57
8,70,No,8,2,77.32
6,68,Yes,4,1,64.03
2,52,Yes,6,5,53.16
2,70,Yes,7,6,67.8
8,41,Yes,8,5,65.53
1,78,Yes,9,2,66.45
6,54,No,4,2,57.79
6,96,No,8,1,85.77
4,50,Yes,6,1,54.49
3,73,No,7,4,68.86
3,78,No,7,7,74.04
1,43,No,9,5,49.04
3,50,No,9,8,59.39
4,68,Yes,9,4,72.89
5,41,No,8,9,58.53
3,55,No,4,3,47.08
6,78,No,5,8,77.91
5,52,Yes,7,9,66.71
3,76,No,5,4,65.77
6,56,Yes,7,0,61.84
6,60,Yes,9,4,69.98
8,83,Yes,4,4,84.11
2,99,Yes,4,4,74.77
1,58,No,7,1,51.72
4,46,Yes,8,5,57.14
7,77,Yes,9,4,84.69
3,47,Yes,4,1,46.82
3,52,Yes,4,9,57.88
5,76,Yes,6,7,74.28
5,41,No,4,5,49.75
3,80,Yes,6,9,77.11
9,50,No,4,2,59.23
4,63,No,4,8,60.3
3,45,Yes,8,3,51.83
2,65,No,8,2,55.4
9,46,No,9,6,73.04
4,96,No,4,7,83.57
3,78,Yes,9,6,77.7
7,58,Yes,9,0,68.35
8,45,Yes,9,0,63.11
2,82,Yes,9,4,76.22
7,68,Yes,7,7,82.32
5,82,Yes,7,9,83.06
5,78,Yes,4,2,68.06
3,41,No,7,7,52.7
5,58,No,4,2,51.73
2,43,Yes,8,3,46.78
4,97,No,5,9,84.21
6,45,Yes,6,6,56.88
1,88,Yes,7,2,73.02
4,96,Yes,7,3,85.81
6,76,No,8,7,78.45
9,67,Yes,7,3,81.76
2,69,Yes,4,8,66.3
7,46,Yes,4,3,56.87
6,48,Yes,5,3,56.4
2,64,No,5,4,59.42
8,72,Yes,5,0,75.14
7,40,No,4,6,54.01
5,90,No,9,8,90.73
5,45,Yes,9,8,64.6
7,57,Yes,5,0,61.19
9,49,No,5,5,64.56
9,67,No,4,2,72.78
9,50,No,8,3,63.52
6,72,No,7,7,75.12
6,40,Yes,6,3,56.77
3,52,No,9,7,58.18
1,76,No,9,3,67.69
7,59,No,4,8,69.73
4,40,No,4,5,44.87
1,91,Yes,6,0,67.96
8,42,Yes,6,9,65.63
6,57,Yes,5,1,66.03
6,80,No,6,6,81.75
2,53,No,7,9,56.55
1,70,Yes,7,6,62.78
2,66,Yes,9,2,63.33
4,56,No,7,0,54.59
2,94,Yes,7,7,79.41
1,85,No,7,9,73.16
7,68,No,5,9,77.44
8,75,No,9,6,80.9
6,76,No,4,9,77.25
4,65,No,9,7,72.25
6,92,No,9,0,82.58
3,56,Yes,9,2,62.99
8,61,Yes,6,1,68.22
2,64,Yes,4,0,53.28
5,41,No,6,4,49.49
1,94,Yes,5,2,70.79
6,61,No,5,9,66.87
2,44,No,8,7,51.8
4,43,No,8,5,54.5
6,75,No,5,9,76.37
8,45,Yes,5,8,62.78
8,91,Yes,6,8,95.41
6,60,Yes,5,5,67.34
4,52,No,4,1,47.77
8,93,Yes,6,8,99.53
8,76,Yes,5,1,73.97
1,94,Yes,6,2,68.47
4,64,No,6,5,60.94
4,65,Yes,7,1,64.92
7,94,No,8,4,87.79
7,78,Yes,6,1,75.34
8,59,No,9,3,73.8
5,72,Yes,6,2,70.63
7,53,Yes,9,4,70.55
8,95,Yes,7,5,97.06
9,75,No,5,6,80.15
3,56,Yes,6,9,61.34
3,60,Yes,7,7,65.62
4,85,No,4,8,72.31
5,55,No,7,3,54.71
1,85,No,8,3,67.63
7,55,No,8,6,70.36
9,95,Yes,5,9,99.51
8,59,Yes,9,9,82.61
5,68,No,5,8,64.77
4,67,Yes,9,1,68.33
7,47,No,9,5,65.51
5,63,Yes,9,9,73.1
7,42,No,9,9,66.92
1,64,Yes,8,7,62.68
1,58,No,8,4,59.44
3,72,No,6,4,59.35
2,41,Yes,8,7,54.34
2,54,Yes,5,0,47.11
7,61,Yes,8,5,70.87
2,99,No,5,9,79.85
4,49,Yes,4,8,56.95
2,57,No,8,5,58.27
6,61,Yes,5,6,71.54
8,85,Yes,9,3,93.34
4,88,No,7,9,80.37
5,66,No,9,0,67.86
4,52,Yes,6,8,61.98
3,72,No,5,5,61.89
5,44,No,9,2,53.98
9,65,Yes,8,3,78.08
8,52,No,8,9,72.27
8,66,Yes,4,5,72.14
8,96,Yes,7,5,94.04
8,53,No,5,8,68.26
7,63,Yes,9,3,76.06
8,42,No,7,4,59.32
8,86,Yes,4,4,87.34
8,90,No,6,2,84.48
7,88,No,7,1,81.19
1,69,No,4,7,58.22
4,74,No,5,9,70.64
4,87,No,6,8,79.37
5,53,Yes,8,9,63.26
6,51,Yes,4,8,62.63
4,67,No,8,4,62.55
2,83,Yes,6,8,72.36
6,68,No,4,3,62.13
8,82,No,4,1,74.11
8,56,Yes,6,2,66.5
7,79,Yes,5,0,74.43
6,88,No,4,4,79.13
2,60,No,6,0,50.44
7,96,No,7,0,81.8
5,62,No,8,6,67.87
6,59,No,4,1,58.04
8,50,No,7,7,66.84
8,96,Yes,4,5,91.48
3,96,No,5,3,75.98
7,73,No,6,8,79.83
1,49,Yes,4,9,46.75
1,49,No,6,7,47.41
7,82,No,9,9,92.22
9,99,Yes,4,2,95.73
7,45,No,5,2,55.7
5,75,Yes,5,3,72.07
8,63,No,7,8,79.61
2,51,Yes,5,8,57.94
9,82,Yes,6,4,87.44
6,94,Yes,9,8,93.96
9,62,No,5,5,71.66
2,66,No,4,7,63.79
3,97,Yes,5,7,80.06
8,96,Yes,9,9,100.0
1,84,No,6,6,65.07
7,76,No,4,3,72.35
7,45,No,7,3,55.59
1,40,No,7,5,41.78
9,45,No,7,8,64.1
8,89,Yes,4,6,89.64
4,61,No,7,4,63.54
5,80,Yes,5,4,74.23
2,63,No,4,7,55.53
9,64,Yes,4,5,74.57
6,54,Yes,4,0,56.76
3,65,No,8,0,58.42
7,47,Yes,6,8,67.24
9,90,Yes,8,7,100.0
3,63,Yes,8,5,63.67
2,87,Yes,8,0,71.58
7,77,No,6,1,75.5
7,45,Yes,8,9,65.66
4,93,No,7,2,74.36
9,74,Yes,4,9,85.35
8,81,No,4,2,77.59
1,40,No,5,1,33.56
1,99,No,9,1,75.24
5,85,Yes,7,5,80.48
6,75,No,6,6,73.27
3,97,No,9,3,83.59
9,51,Yes,4,0,59.74
6,77,No,8,5,77.67
4,50,Yes,5,6,54.69
7,51,Yes,5,3,58.69
8,81,No,4,5,81.34
9,89,Yes,7,8,96.36
6,78,Yes,9,3,81.68
6,46,Yes,5,9,59.08
8,50,No,4,3,57.52
5,75,Yes,7,9,81.51
3,91,Yes,4,4,80.27
3,70,Yes,4,2,56.55
6,72,No,7,9,77.3
2,52,Yes,7,1,51.52
6,57,No,7,8,66.47
6,80,Yes,4,0,73.7
8,97,No,5,4,87.97
7,95,No,6,4,87.81
8,63,No,6,7,72.76
9,48,Yes,4,5,67.74
6,70,Yes,4,5,69.65
3,94,Yes,5,5,78.7
3,80,No,7,3,70.89
1,49,Yes,4,0,38.84
5,99,Yes,8,2,89.04
4,41,No,7,9,50.45
9,77,Yes,4,5,80.52
9,54,Yes,8,4,74.66
5,42,No,9,9,58.22
4,82,No,5,0,65.61
7,70,Yes,8,4,79.49
6,45,No,4,1,47.84
4,42,Yes,6,0,48.85
2,95,Yes,4,3,74.43
1,50,Yes,6,5,50.37
4,54,Yes,5,6,61.38
4,84,Yes,5,8,79.54
1,91,No,7,4,74.68
6,67,No,7,7,74.52
4,49,Yes,6,7,57.35
1,77,No,6,8,68.29
1,86,No,5,2,64.13
1,96,Yes,8,2,76.31
8,89,No,6,8,90.96
8,89,No,6,6,90.62
2,46,Yes,8,3,51.51
7,54,Yes,7,0,67.04
8,57,Yes,7,6,75.87
8,57,Yes,6,9,76.25
7,91,Yes,7,5,88.55
5,80,Yes,7,2,75.64
1,63,Yes,9,4,60.94
9,41,No,7,2,60.99
7,79,Yes,5,7,83.67
2,59,No,4,4,50.74
6,73,No,6,9,77.04
2,82,Yes,6,9,76.64
1,65,No,5,5,52.28
7,46,No,4,1,55.49
2,77,No,4,7,60.11
2,69,Yes,5,8,67.81
5,81,No,8,2,75.01
5,44,No,8,5,57.91
7,50,Yes,4,5,62.23
1,40,No,8,1,40.19
8,73,No,8,9,85.91
3,95,No,8,7,85.12
4,40,No,4,4,43.34
9,58,No,8,7,78.37
4,41,Yes,6,7,51.43
5,60,No,9,2,63.99
7,59,Yes,4,4,67.57
4,62,No,5,6,62.69
1,60,Yes,8,4,58.42
9,63,Yes,7,5,78.01
4,43,Yes,4,1,47.59
9,51,No,5,7,66.26
6,61,No,9,4,72.6
1,59,No,6,5,51.73
3,57,No,5,0,46.12
2,40,No,8,9,47.61
9,69,Yes,7,1,78.49
1,72,Yes,8,3,63.98
9,63,Yes,5,8,82.74
9,53,No,4,5,63.22
8,75,No,7,7,82.58
8,44,Yes,7,1,58.78
1,50,No,5,9,48.01
8,63,No,9,4,78.67
3,99,Yes,9,0,81.13
7,70,Yes,8,3,78.67
1,94,No,5,9,76.19
1,52,No,7,0,44.15
5,55,Yes,5,8,65.04
5,63,No,7,1,59.48
8,52,Yes,8,6,75.51
7,63,Yes,4,2,70.15
8,93,Yes,4,1,85.89
6,65,No,5,3,69.35
6,41,Yes,7,6,58.3
2,55,Yes,4,6,53.8
6,77,No,7,8,82.56
5,85,Yes,8,2,79.58
3,40,No,5,6,42.24
6,88,No,7,5,80.08
8,50,No,5,9,70.62
9,90,Yes,7,6,94.94
1,74,Yes,9,6,69.03
3,82,No,9,9,76.97
3,68,No,7,4,64.7
8,76,No,8,8,84.04
1,56,Yes,5,6,51.62
5,97,No,6,6,86.3
3,93,No,7,2,73.67
2,78,No,7,0,61.94
8,81,Yes,9,4,91.9
3,67,No,4,7,61.56
7,68,Yes,9,4,79.06
1,82,Yes,5,9,71.63
6,42,No,9,2,54.92
3,91,No,6,8,83.09
8,49,No,8,1,60.78
6,98,Yes,6,2,88.22
2,81,Yes,8,3,71.83
6,53,Yes,6,9,69.82
7,51,No,9,0,63.81
5,86,Yes,6,3,79.04
3,81,No,9,3,73.18
4,69,No,9,8,73.56
4,71,No,5,7,62.56
6,71,Yes,9,1,71.92
1,81,Yes,4,6,64.89
4,71,Yes,6,5,68.48
4,65,No,7,6,63.1
1,90,Yes,7,3,74.5
9,40,Yes,7,4,64.0
4,95,No,4,5,77.57
7,97,No,9,8,94.69
3,81,Yes,6,1,69.01
3,41,No,8,8,46.85
8,56,Yes,8,9,77.27
8,69,No,5,0,69.03
1,95,No,4,3,68.98
2,78,Yes,6,4,64.67
8,46,No,9,8,69.55
1,91,No,7,5,70.52
8,66,No,4,3,66.98
8,48,Yes,4,1,60.24
2,61,No,6,4,58.63
4,73,No,9,7,74.4
6,85,Yes,5,7,81.87
9,88,Yes,9,5,97.18
8,40,No,5,0,53.38
8,48,No,5,7,64.54
7,59,No,7,3,71.89
9,92,Yes,7,1,90.77
2,58,No,6,0,49.3
3,75,Yes,9,6,78.1
8,99,Yes,5,1,93.87
6,79,No,6,3,70.5
9,84,No,5,3,83.39
4,43,Yes,4,9,56.77
8,48,No,8,0,66.58
3,80,No,8,1,69.91
3,61,Yes,5,0,53.86
8,57,No,6,5,66.18
5,51,Yes,7,2,63.04
3,81,No,9,0,71.06
1,82,Yes,5,7,67.5
3,78,Yes,5,3,67.39
9,48,No,9,9,74.42
5,45,Yes,7,6,60.09
2,58,Yes,5,9,57.5
7,87,No,4,1,75.47
2,86,No,7,5,68.79
4,46,No,4,5,50.68
7,55,Yes,8,6,70.82
4,44,Yes,9,0,53.83
7,55,Yes,7,0,66.84
7,40,No,7,1,53.44
1,90,Yes,6,1,69.27
6,76,Yes,6,4,76.99
9,78,No,9,0,82.93
2,58,Yes,7,1,56.79
3,93,No,8,5,80.92
5,76,No,5,2,66.51
9,56,No,9,3,74.7
4,65,Yes,9,0,67.96
1,61,Yes,6,4,52.42
4,47,Yes,8,3,59.27
6,72,No,9,7,79.43
5,41,No,8,2,51.67
1,69,No,9,9,68.41
4,86,Yes,6,0,72.47
6,59,Yes,5,9,71.81
4,99,Yes,6,4,84.65
9,57,Yes,9,0,70.25
5,82,Yes,8,4,78.7
8,96,No,4,8,92.73
9,49,Yes,6,4,66.01
5,63,No,8,1,66.52
6,95,No,6,1,84.38
1,43,Yes,9,9,56.47
7,76,No,8,8,83.35
4,43,Yes,5,4,50.82
2,52,Yes,8,7,55.81
5,64,No,7,9,72.39
3,52,Yes,4,3,51.46
6,57,Yes,9,1,67.83
8,98,No,8,3,97.18
7,63,No,9,3,70.59
3,41,No,6,8,48.85
8,87,No,6,9,90.85
2,72,No,8,5,63.33
9,97,No,7,9,99.82
4,58,Yes,8,5,65.79
1,48,Yes,5,4,45.15
8,67,Yes,7,5,81.32
7,74,No,9,0,72.38
5,96,Yes,8,4,91.35
5,78,No,9,5,79.12
7,49,Yes,4,7,61.76
5,40,No,7,3,48.15
8,81,Yes,8,4,83.44
6,60,No,4,3,58.41
5,48,No,8,6,61.39
9,99,No,5,9,98.29
2,86,No,6,5,72.93
1,54,Yes,9,3,53.16
8,74,Yes,8,5,85.81
3,96,No,7,3,77.17
7,44,No,8,7,60.97
8,80,No,8,2,81.79
6,97,Yes,8,7,93.87
9,61,No,8,1,69.01
7,80,No,7,5,80.64
5,62,Yes,7,7,70.41
8,46,No,8,0,62.14
2,95,No,6,5,77.87
7,62,Yes,8,8,80.14
4,83,No,9,9,83.74
9,64,No,9,9,84.07
1,66,Yes,7,1,54.14
7,80,No,9,0,79.3
6,45,Yes,9,1,60.69
8,94,No,5,4,90.81
5,73,No,8,5,74.67
1,48,No,8,0,45.78
1,99,No,8,6,77.84
9,88,No,8,3,89.65
6,72,Yes,4,8,76.06
5,90,No,8,5,85.82
1,99,No,7,8,80.11
6,45,Yes,7,0,55.34
6,76,Yes,4,3,73.97
3,70,No,8,1,60.25
8,73,Yes,6,5,84.01
1,80,No,8,3,63.74
1,68,Yes,7,8,60.96
6,97,Yes,5,2,85.72
1,53,No,9,0,51.2
6,75,Yes,5,0,71.67
1,75,No,6,8,66.0
6,92,Yes,8,8,93.28
3,54,Yes,4,4,52.6
8,47,Yes,8,1,61.11
6,65,No,6,8,66.48
1,75,No,6,7,63.89
5,87,Yes,9,9,92.83
8,60,No,6,9,74.69
3,67,No,5,5,61.45
6,43,No,9,6,63.47
5,55,Yes,8,5,66.16
6,61,No,8,4,67.35
1,51,Yes,4,3,43.46
7,55,Yes,6,6,72.54
9,90,Yes,6,3,92.55
2,79,Yes,7,9,73.01
5,77,Yes,9,9,81.86
4,81,No,7,9,80.61
6,76,No,9,8,80.03
6,68,Yes,5,4,74.01
2,57,No,9,7,54.19
2,49,No,8,5,54.25
4,81,No,4,3,68.57
1,78,No,9,2,65.04
9,57,No,9,5,74.85
7,40,No,9,0,58.78
7,78,No,4,1,72.71
3,60,Yes,6,6,59.69
3,40,Yes,4,3,40.06
1,54,Yes,6,4,51.25
3,43,No,8,9,54.3
3,99,No,4,0,69.86
4,59,Yes,6,1,58.29
4,49,No,8,3,53.25
3,62,No,8,7,63.72
8,80,Yes,6,9,90.45
8,73,Yes,6,3,81.79
1,99,Yes,5,2,76.22
7,85,No,8,2,81.06
2,87,No,6,4,70.94
1,72,No,8,2,59.83
3,73,Yes,4,7,64.64
4,78,Yes,7,4,75.1
6,49,No,7,6,64.61
5,93,Yes,9,7,91.86
4,59,Yes,6,4,58.21
8,40,No,6,7,60.06
4,52,Yes,8,2,55.77
2,40,Yes,9,6,53.23
3,44,Yes,6,7,53.95
6,55,No,8,6,65.66
8,54,No,6,1,61.74
8,88,Yes,8,7,94.38
9,67,No,6,5,76.72
7,70,No,5,9,74.46
2,62,No,8,2,53.42
8,87,Yes,5,3,87.98
7,84,No,5,6,80.63
8,82,Yes,5,2,82.03
3,56,Yes,5,0,52.17
7,88,No,4,5,81.94
9,73,Yes,9,2,82.45
3,52,No,7,9,54.85
6,53,No,4,5,56.62
2,50,Yes,6,9,56.79
2,67,Yes,6,2,57.74
5,81,No,9,5,78.89
5,71,No,7,3,72.85
7,74,No,7,3,71.71
2,98,No,7,9,81.79
7,70,Yes,5,9,82.79
5,56,Yes,4,1,56.01
6,86,Yes,6,3,80.19
8,48,No,4,3,60.14
4,49,Yes,4,6,54.51
7,47,Yes,4,4,58.0
6,60,Yes,7,7,71.88
2,52,Yes,9,6,57.38
8,98,No,9,9,99.27
9,89,Yes,7,8,97.17
5,44,Yes,6,7,55.88
4,45,Yes,6,8,57.02
6,69,Yes,6,0,69.11
8,70,No,9,9,86.21
3,56,No,9,2,58.86
1,50,Yes,4,4,44.69
4,59,No,7,8,64.9
4,87,No,5,7,77.69
1,48,No,4,9,46.96
9,41,No,8,6,64.14
3,76,Yes,9,1,68.54
5,40,No,4,5,48.5
6,43,No,7,3,50.89
8,75,Yes,8,4,83.46
6,93,Yes,4,4,78.69
3,97,Yes,7,3,79.53
6,64,Yes,7,3,68.15
1,42,No,9,3,46.39
4,48,Yes,5,1,51.68
6,61,No,4,0,56.49
7,62,No,7,1,67.66
3,51,Yes,6,6,57.88
9,49,Yes,7,0,65.08
7,73,No,5,5,71.03
1,82,No,7,3,64.78
2,49,Yes,9,1,51.7
1,69,Yes,4,2,52.44
9,61,Yes,9,6,82.33
9,45,No,4,5,61.06
7,89,No,8,5,88.79
3,41,Yes,4,7,48.66
5,69,No,8,7,74.36
4,41,Yes,9,5,55.74
7,71,No,6,0,69.5
9,81,No,5,9,86.8
2,55,Yes,6,6,54.83
8,51,Yes,8,7,75.28
9,40,Yes,7,4,59.91
9,92,No,7,3,92.95
7,47,No,6,6,59.46
9,87,Yes,7,5,91.7
9,89,No,8,5,93.42
3,52,Yes,9,2,54.22
4,54,No,5,9,57.27
2,92,Yes,4,3,70.5
3,83,No,8,4,72.86
5,47,No,8,8,59.09
5,49,No,4,7,58.1
6,85,No,4,2,77.59
7,44,Yes,5,5,55.36
7,89,No,5,9,88.49
1,58,Yes,5,0,49.52
2,86,Yes,7,2,73.19
9,77,Yes,8,9,91.38
2,98,Yes,9,6,85.81
6,50,No,4,6,55.5
1,92,Yes,8,1,72.86
3,82,No,8,2,68.28
2,59,No,5,6,53.67
3,59,No,5,5,52.39
5,60,No,8,6,66.1
6,57,Yes,5,9,66.2
9,96,No,7,8,99.01
4,89,Yes,4,7,78.04
7,49,No,8,5,64.48
6,73,No,4,3,69.96
2,65,Yes,7,9,69.68
8,69,No,5,8,71.84
7,48,No,6,6,59.63
7,85,No,7,4,82.39
8,90,No,6,1,84.92
1,70,No,4,8,55.2
1,81,Yes,8,6,70.14
8,94,No,5,8,92.16
4,43,No,7,8,54.47
5,45,Yes,5,9,59.76
8,53,No,6,4,65.69
5,43,Yes,6,6,56.98
4,65,No,9,4,66.89
6,86,No,8,2,80.71
5,87,Yes,6,9,87.03
7,78,No,8,7,78.82
7,56,No,9,7,74.69
4,58,Yes,7,8,61.89
5,90,Yes,9,5,85.84
3,88,No,8,1,72.85
4,45,Yes,6,2,52.35
4,68,No,4,9,59.81
3,50,Yes,8,5,57.44
5,55,No,5,0,54.58
5,69,Yes,4,1,65.89
7,64,Yes,8,7,76.51
4,79,Yes,5,7,74.3
4,50,Yes,9,5,60.27
9,46,Yes,4,2,60.31
6,65,Yes,8,1,67.94
4,95,Yes,7,5,83.72
2,61,Yes,9,0,58.97
6,64,Yes,5,9,73.16
2,58,No,7,5,56.28
5,70,Yes,6,8,74.93
6,65,No,9,6,74.91
4,81,Yes,9,8,84.86
3,80,No,8,1,65.02
7,75,No,8,4,76.79
2,62,Yes,5,8,60.24
6,86,Yes,9,6,89.05
4,52,No,8,8,59.86
6,64,No,6,5,69.22
4,41,Yes,8,6,59.56
4,41,Yes,9,9,60.47
4,55,Yes,4,4,56.17
9,48,No,7,5,68.5
7,67,Yes,9,0,70.47
3,52,Yes,6,0,50.76
3,74,Yes,9,1,71.36
6,80,Yes,6,3,76.71
6,52,Yes,9,8,68.25
4,70,No,7,6,68.13
9,60,No,7,5,73.88
4,71,Yes,6,0,62.78
9,93,Yes,9,4,100.0
4,73,No,7,3,66.34
2,47,Yes,5,4,45.39
2,98,No,9,8,85.11
5,80,Yes,7,2,77.82
4,87,No,4,3,71.23
7,41,No,4,7,56.07
5,77,Yes,5,2,69.46
6,71,No,7,2,73.08
4,93,Yes,4,8,83.92
2,79,No,9,4,72.0
9,97,Yes,8,9,100.0
7,67,Yes,7,0,72.85
4,76,Yes,5,6,70.35
3,80,No,7,6,71.02
3,40,Yes,6,5,51.19
9,80,Yes,6,5,90.62
5,49,Yes,4,2,50.61
3,94,No,6,2,75.4
5,43,Yes,5,9,56.94
2,74,No,4,8,62.01
4,49,No,5,0,47.47
2,86,No,9,6,78.38
2,50,Yes,5,9,55.4
8,53,Yes,6,6,69.16
1,77,No,9,7,70.23
7,51,Yes,6,5,64.38
5,84,Yes,5,7,81.22
8,56,No,6,0,65.39
1,55,No,6,0,40.35
7,74,Yes,6,8,83.49
5,41,No,7,3,47.52
4,50,Yes,9,2,60.96
7,80,No,9,5,82.73
2,42,Yes,9,9,53.26
1,68,Yes,5,8,63.19
1,57,No,8,9,58.43
1,59,Yes,5,3,49.4
5,86,Yes,9,8,86.09
7,53,No,4,4,58.93
2,73,Yes,6,6,64.39
8,88,Yes,6,2,84.68
4,93,Yes,8,2,83.03
3,70,No,4,2,55.57
8,97,No,7,7,96.55
2,79,No,5,5,67.88
3,81,No,7,8,74.3
3,97,No,4,8,79.96
1,57,Yes,8,7,62.74
6,69,Yes,4,0,63.02
2,64,Yes,8,5,65.78
1,58,No,7,3,52.94
2,47,Yes,7,3,51.41
6,67,No,4,2,65.78
4,47,Yes,4,8,55.76
6,70,No,6,1,65.83
9,42,Yes,8,0,64.89
8,42,Yes,6,9,68.47
1,83,No,5,2,64.01
8,61,Yes,5,3,70.19
9,56,Yes,4,3,66.67
6,75,No,7,5,75.88
5,56,Yes,5,0,58.48
6,53,Yes,5,0,59.35
6,90,No,6,1,78.14
9,48,No,6,3,63.93
4,69,No,5,6,62.28
2,60,No,4,5,53.97
9,51,No,6,8,68.53
2,76,Yes,5,6,68.67
9,71,No,7,4,77.3
2,50,No,6,5,51.06
8,59,Yes,5,9,75.54
9,74,Yes,8,8,88.34
9,92,Yes,6,0,91.08
9,86,Yes,8,8,95.92
2,85,Yes,6,5,74.5
4,50,No,6,3,51.45
7,91,Yes,9,4,89.16
2,47,No,9,0,44.74
1,43,Yes,8,6,48.44
3,66,No,4,7,62.84
4,83,Yes,5,4,76.1
8,79,No,4,1,77.65
6,77,No,4,7,77.51
2,86,No,9,9,78.03
9,69,No,5,6,77.02
2,83,No,9,9,76.48
5,87,No,9,8,84.86
4,87,No,9,3,75.02
7,66,No,7,8,75.57
8,60,No,4,3,62.43
5,91,No,4,2,75.03
5,59,Yes,4,2,63.13
2,99,No,7,9,82.88
8,43,No,6,1,56.19
2,50,Yes,8,9,60.81
6,52,No,8,2,60.76
8,48,No,7,7,66.88
6,43,Yes,4,7,56.08
4,51,Yes,8,1,56.14
4,48,No,7,1,48.38
6,52,Yes,9,1,65.39
4,87,No,5,9,75.22
8,65,No,8,6,78.94
9,77,No,5,5,78.39
1,81,Yes,4,0,62.03
4,52,No,8,1,53.49
4,78,No,7,0,64.84
2,67,Yes,6,6,64.36
6,97,No,8,5,92.06
3,58,No,8,1,54.42
7,63,No,8,1,69.74
5,58,No,8,1,55.73
4,88,No,7,7,77.66
5,52,No,7,6,62.78
8,52,Yes,6,0,62.75
3,97,No,7,3,75.48
7,67,No,7,3,69.8
6,92,Yes,4,6,83.35
1,41,No,4,1,33.77
7,49,No,5,3,56.66
7,61,Yes,6,0,66.46
1,52,Yes,4,3,45.56
9,97,Yes,6,0,95.42
6,48,Yes,6,1,57.65
2,72,Yes,8,1,65.12
5,53,Yes,9,9,72.13
4,87,Yes,9,2,79.92
7,59,No,9,7,70.88
8,54,No,6,5,68.81
1,71,No,8,5,62.37
5,72,Yes,5,8,74.48
3,56,No,5,7,54.33
1,63,Yes,9,1,56.57
3,69,No,5,5,63.09
6,52,No,8,0,60.17
7,98,No,9,8,99.37
8,86,No,8,3,88.19
4,87,Yes,5,3,76.84
3,55,Yes,9,8,65.26
5,41,No,8,2,50.75
9,56,Yes,7,4,76.02
6,71,Yes,7,0,70.35
9,82,No,8,5,89.44
6,47,Yes,8,2,58.59
2,91,Yes,4,0,67.28
5,42,Yes,4,9,55.23
9,51,Yes,6,5,68.49
8,59,No,9,9,79.5
7,55,No,6,1,57.8
1,53,Yes,6,7,53.5
4,55,No,5,1,51.77
7,98,No,7,3,86.18
7,92,No,5,2,81.32
6,88,Yes,9,8,92.81
8,82,Yes,8,1,86.06
6,88,No,4,2,75.39
3,90,No,9,6,82.35
4,93,Yes,8,3,83.58
3,72,No,9,5,69.23
1,69,Yes,8,2,61.4
5,98,No,4,0,79.15
1,51,Yes,8,5,51.75
1,54,Yes,6,3,48.93
2,57,Yes,9,1,55.36
4,67,Yes,4,6,64.54
6,62,No,8,9,76.05
8,53,Yes,6,4,68.95
3,69,No,6,5,60.64
1,72,Yes,7,5,63.0
3,84,Yes,6,8,78.65
3,54,No,5,1,46.59
5,46,No,4,5,49.65
4,54,No,4,8,59.09
4,91,Yes,4,3,75.37
9,81,Yes,8,5,93.01
7,85,No,9,6,90.51
4,77,Yes,8,0,69.73
3,85,No,5,4,68.22
6,95,Yes,9,3,90.95
3,96,Yes,6,9,83.92
6,93,Yes,8,1,87.04
9,83,No,9,1,86.39
6,50,Yes,6,1,58.72
4,68,No,9,6,73.09
5,70,No,6,3,68.13
6,64,Yes,9,5,75.88
3,91,No,8,6,76.17
8,93,No,8,8,96.69
4,63,Yes,5,1,62.75
8,96,No,7,9,91.08
3,58,No,4,8,57.68
7,41,Yes,8,4,60.78
9,61,Yes,8,5,77.4
4,59,Yes,6,5,64.0
8,72,No,7,2,79.12
3,47,No,8,9,58.25
7,64,Yes,9,6,77.66
3,85,No,7,6,73.11
7,48,Yes,4,7,62.59
6,73,Yes,9,4,81.05
2,96,Yes,6,1,74.83
3,62,No,5,2,53.62
6,44,No,9,8,68.54
4,94,Yes,4,5,82.56
6,64,Yes,9,7,79.2
1,47,No,7,7,45.28
1,55,Yes,7,4,51.59
3,93,No,4,0,69.45
8,87,Yes,7,5,88.7
8,84,Yes,9,6,96.1
4,91,No,5,8,82.92
6,54,No,9,1,60.83
8,40,No,5,1,56.07
7,61,No,7,9,73.59
7,42,No,9,0,61.38
4,77,Yes,7,4,73.99
9,93,Yes,5,1,90.95
6,53,No,7,2,62.1
3,75,No,8,1,68.06
5,57,Yes,6,3,62.72
5,86,Yes,9,2,82.32
5,80,No,8,8,81.53
8,57,No,7,9,72.07
9,42,Yes,7,1,62.5
9,49,No,6,6,64.68
6,88,Yes,7,2,79.74
6,78,Yes,6,9,82.9
9,86,No,9,7,97.12
4,40,Yes,5,3,49.35
6,66,Yes,6,3,69.44
4,96,Yes,6,8,91.09
1,66,No,8,2,54.96
7,50,Yes,7,6,63.16
6,88,No,9,0,76.94
9,44,Yes,5,6,63.04
7,46,Yes,4,9,64.73
7,58,Yes,6,1,64.03
2,96,Yes,4,5,77.52
9,95,Yes,7,8,100.0
9,68,No,6,5,75.1
6,54,No,4,2,56.36
3,74,Yes,8,0,67.98
1,86,No,4,3,61.38
4,76,No,8,3,73.31
3,94,Yes,5,7,80.82
1,51,No,7,9,51.83
3,69,No,9,9,75.62
4,59,No,4,6,58.45
8,76,No,6,9,85.45
9,42,Yes,7,6,69.91
3,48,No,4,6,47.0
6,97,Yes,6,1,88.7
5,80,Yes,6,8,79.5
6,78,No,9,5,79.21
4,65,Yes,9,1,65.96
6,41,No,6,0,47.36
7,62,Yes,9,0,72.84
9,62,No,6,0,69.23
7,98,No,4,3,84.32
6,60,Yes,5,3,65.85
1,55,No,9,8,56.45
2,48,No,8,0,45.14
1,52,No,8,2,47.8
9,67,No,8,2,77.63
9,66,Yes,5,7,80.38
7,90,Yes,6,1,83.77
2,91,Yes,6,5,78.29
6,56,No,7,3,61.66
4,77,Yes,8,9,78.89
1,75,No,8,5,61.56
1,40,No,6,4,41.47
5,57,No,8,8,66.72
2,90,Yes,6,8,79.42
4,48,Yes,6,0,52.89
1,52,Yes,9,2,51.25
4,79,Yes,6,0,66.65
6,94,No,4,5,82.54
4,84,Yes,4,2,72.02
1,54,Yes,4,0,43.37
7,82,Yes,4,5,83.65
2,83,Yes,5,4,64.33
9,85,No,7,7,93.24
3,43,Yes,7,1,49.38
8,72,Yes,6,7,83.11
8,63,Yes,8,4,70.13
3,75,No,4,7,68.07
4,90,Yes,7,9,84.45
2,80,Yes,7,3,68.48
4,49,Yes,4,3,51.06
9,75,No,5,9,84.81
2,59,No,5,3,52.18
3,80,Yes,7,5,75.79
4,84,Yes,5,3,75.53
5,83,No,9,8,84.31
1,50,No,4,8,47.33
7,51,No,7,2,58.42
7,57,No,4,6,62.2
9,69,No,5,4,77.19
4,83,Yes,4,8,78.47
6,87,Yes,5,1,80.15
2,76,Yes,5,2,62.07
4,59,Yes,4,9,65.22
2,64,No,5,4,52.58
5,51,No,9,4,62.75
7,60,No,6,9,70.98
1,64,No,4,6,56.27
7,50,No,6,7,60.46
6,48,Yes,4,7,63.33
6,89,Yes,5,0,78.18
8,64,Yes,5,0,68.14
8,74,Yes,7,2,80.29
6,91,Yes,9,0,84.71
3,71,No,7,0,60.46
5,88,No,6,9,81.82
2,53,No,5,7,49.9
5,40,No,7,0,47.97
9,56,No,5,8,69.8
1,64,Yes,4,1,49.36
5,98,Yes,7,8,90.05
6,47,Yes,6,6,60.19
7,44,No,7,8,65.02
9,44,No,5,2,56.71
6,80,No,8,0,73.54
5,74,No,8,0,69.29
7,58,Yes,9,9,77.06
1,62,No,5,5,56.66
5,48,Yes,4,6,55.97
2,93,No,7,8,79.97
4,69,Yes,8,5,73.29
7,89,No,4,4,82.75
5,55,No,5,1,54.47
6,72,Yes,4,1,67.88
2,41,Yes,5,7,51.15
3,53,No,9,0,52.6
7,85,Yes,7,7,88.12
2,40,No,4,9,42.71
6,65,No,7,6,67.05
5,97,Yes,4,6,87.34
1,64,No,5,4,47.7
4,55,No,5,2,52.49
2,54,Yes,4,6,51.99
4,65,No,9,6,72.98
1,86,No,5,6,63.94
2,83,No,6,1,63.0
8,55,No,6,2,63.73
6,53,Yes,7,2,61.9
2,68,Yes,6,3,59.7
6,63,Yes,6,8,72.64
9,86,No,9,9,94.08
7,94,Yes,9,0,91.11
9,54,Yes,8,6,71.26
5,58,Yes,8,6,68.25
7,47,No,9,3,61.0
7,73,Yes,8,0,78.33
3,41,Yes,9,2,54.11
7,66,No,8,4,72.44
1,49,No,5,1,43.18
9,74,No,9,6,85.77
6,62,No,7,9,69.77
5,88,No,7,9,88.29
7,47,No,9,6,66.24
5,67,Yes,6,9,73.71
5,62,Yes,7,4,68.57
7,43,No,6,9,61.85
7,53,No,7,5,64.66
3,92,Yes,4,0,69.05
3,81,No,4,3,64.56
3,68,No,9,3,66.05
6,40,Yes,7,7,59.25
6,43,No,5,1,51.1
3,71,No,6,0,59.87
3,72,Yes,7,6,68.44
8,88,Yes,9,5,91.66
8,65,Yes,6,4,74.69
7,56,Yes,8,7,72.05
4,78,Yes,9,1,74.97
4,62,No,7,1,57.26
3,71,No,5,8,64.37
5,91,No,8,0,81.21
3,54,No,9,5,58.7
8,52,No,7,2,62.29
7,99,Yes,4,4,89.94
3,41,No,7,7,52.36
9,99,No,4,6,94.49
5,58,No,4,3,57.49
9,63,No,9,7,79.3
7,84,No,7,9,89.45
7,63,Yes,7,1,74.44
6,50,No,4,6,55.42
2,98,No,6,4,74.44
9,61,No,8,5,76.45
6,54,No,5,2,58.65
8,49,No,7,9,68.72
1,80,No,8,6,66.39
5,66,Yes,8,6,72.88
1,99,No,6,1,73.1
8,48,Yes,8,0,62.99
8,91,Yes,7,9,98.31
1,67,No,9,1,59.53
9,40,No,9,7,67.48
2,56,No,8,9,59.54
9,70,Yes,7,2,81.66
1,83,No,7,3,64.09
9,49,No,4,7,62.99
4,76,No,6,2,66.07
9,68,Yes,5,5,77.82
7,57,Yes,4,1,60.09
6,86,No,5,2,79.76
5,77,Yes,7,0,76.54
9,78,No,9,8,90.09
2,88,Yes,4,3,69.98
2,45,No,8,5,48.62
9,79,Yes,8,6,93.11
3,51,No,5,1,49.21
8,92,No,7,7,89.15
9,53,Yes,9,8,79.75
8,83,Yes,5,9,86.69
4,94,Yes,9,1,87.42
1,49,Yes,6,4,48.78
4,93,Yes,9,1,81.65
9,59,No,8,4,73.42
2,54,No,4,6,48.82
3,70,Yes,4,5,64.55
8,46,No,4,3,58.68
6,97,No,9,1,85.4
8,80,Yes,8,6,92.68
7,49,No,9,9,72.61
5,49,No,7,8,58.65
9,87,Yes,8,0,89.85
4,78,Yes,8,2,77.22
6,67,No,9,6,77.17
2,69,Yes,9,8,70.23
2,76,No,4,4,62.23
2,94,Yes,8,6,88.39
7,42,Yes,4,9,60.91
2,89,Yes,7,6,76.63
2,82,Yes,6,3,69.54
9,54,No,4,4,65.39
7,60,Yes,9,1,69.95
3,91,Yes,5,7,80.48
3,76,No,6,0,59.59
7,95,No,7,1,84.67
5,51,No,9,2,60.12
6,43,No,6,6,52.29
8,86,Yes,9,5,94.91
9,48,No,4,6,59.28
1,78,Yes,9,4,66.34
3,81,No,7,3,68.6
7,67,Yes,5,6,74.77
6,62,No,4,2,62.85
7,84,Yes,4,9,86.02
8,79,Yes,7,6,86.41
6,83,No,7,1,77.46
3,61,Yes,6,7,61.36
2,63,Yes,5,5,58.58
7,90,Yes,9,2,87.6
1,97,Yes,6,2,74.87
3,65,No,9,4,63.74
4,69,Yes,9,2,68.29
1,72,Yes,9,5,67.53
